{
  "$comment": "Automatically generated by scripts/boost/generate-ports.ps1",
  "name": "boost-property-map",
  "version": "1.85.0",
  "port-version": 1,
  "description": "Boost property_map module",
  "homepage": "https://www.boost.org/libs/property_map",
  "license": "BSL-1.0",
  "dependencies": [
    {
      "name": "boost-any",
      "version>=": "1.85.0"
    },
    {
      "name": "boost-assert",
      "version>=": "1.85.0"
    },
    {
      "name": "boost-cmake",
      "version>=": "1.85.0"
    },
    {
      "name": "boost-concept-check",
      "version>=": "1.85.0"
    },
    {
      "name": "boost-config",
      "version>=": "1.85.0"
    },
    {
      "name": "boost-core",
      "version>=": "1.85.0"
    },
    {
      "name": "boost-function",
      "version>=": "1.85.0"
    },
    {
      "name": "boost-headers",
      "version>=": "1.85.0"
    },
    {
      "name": "boost-iterator",
      "version>=": "1.85.0"
    },
    {
      "name": "boost-lexical-cast",
      "version>=": "1.85.0"
    },
    {
      "name": "boost-mpl",
      "version>=": "1.85.0"
    },
    {
      "name": "boost-smart-ptr",
      "version>=": "1.85.0"
    },
    {
      "name": "boost-static-assert",
      "version>=": "1.85.0"
    },
    {
      "name": "boost-throw-exception",
      "version>=": "1.85.0"
    },
    {
      "name": "boost-type-index",
      "version>=": "1.85.0"
    },
    {
      "name": "boost-type-traits",
      "version>=": "1.85.0"
    },
    {
      "name": "boost-utility",
      "version>=": "1.85.0"
    }
  ]
}
