{
  "$comment": "Automatically generated by scripts/boost/generate-ports.ps1",
  "name": "boost-scope-exit",
  "version": "1.83.0",
  "description": "Boost scope_exit module",
  "homepage": "https://github.com/boostorg/scope_exit",
  "license": "BSL-1.0",
  "dependencies": [
    {
      "name": "boost-config",
      "version>=": "1.83.0"
    },
    {
      "name": "boost-function",
      "version>=": "1.83.0"
    },
    {
      "name": "boost-preprocessor",
      "version>=": "1.83.0"
    },
    {
      "name": "boost-type-traits",
      "version>=": "1.83.0"
    },
    {
      "name": "boost-typeof",
      "version>=": "1.83.0"
    },
    {
      "name": "boost-vcpkg-helpers",
      "version>=": "1.83.0"
    }
  ]
}
