{
  "versions": [
    {
      "git-tree": "179add8a5050b88cc2b9ffaf5a45954e9cfbc697",
      "version": "9.1.269.39",
      "port-version": 8
    },
    {
      "git-tree": "c1c08507b831b135750030ed12b1d86e89c3462d",
      "version": "9.1.269.39",
      "port-version": 7
    },
    {
      "git-tree": "ab4cfc5f196adbe34d9a4d75758137c5fddaafe9",
      "version": "9.1.269.39",
      "port-version": 6
    },
    {
      "git-tree": "efe56a72380aed1323f5e19b4b20a3e02fae8112",
      "version": "9.1.269.39",
      "port-version": 5
    },
    {
      "git-tree": "f57ec75cb9169900555359752c65e8e4c79c34ec",
      "version": "9.1.269.39",
      "port-version": 4
    },
    {
      "git-tree": "3abf0953ae7dcf4bb4b4ede21adb27ad850b1e1c",
      "version": "9.1.269.39",
      "port-version": 3
    },
    {
      "git-tree": "b245f57cb85bfd7a699e2ceb9628682b39bcc150",
      "version": "9.1.269.39",
      "port-version": 2
    },
    {
      "git-tree": "d179f8f99ecce385eab497b2850e605976f4d9d5",
      "version": "9.1.269.39",
      "port-version": 1
    },
    {
      "git-tree": "1cd6a72ff77695151205fb2d2e55ed93d2f4193d",
      "version-string": "9.1.269.39",
      "port-version": 0
    },
    {
      "git-tree": "4c95acd67f1f8b99aada4af754b4608c9ee80661",
      "version-string": "9.0.257.17",
      "port-version": 1
    },
    {
      "git-tree": "6c755ec3da82205827403e58b0dbaa1549334a3a",
      "version-string": "9.0.257.17",
      "port-version": 0
    },
    {
      "git-tree": "06594ed228d75261805f473207a1db1757f974fe",
      "version-string": "8.6.395.17",
      "port-version": 0
    },
    {
      "git-tree": "e95b4a567b4ae19b4d206499a0ea57673b789dfa",
      "version-string": "8.3.110.13",
      "port-version": 0
    }
  ]
}
