{
  "versions": [
    {
      "git-tree": "6845369c8cb7d3c318e8e3ae92fd2b7570a756ca",
      "version-date": "2024-04-03",
      "port-version": 0
    },
    {
      "git-tree": "365f7303c0f9fe13458a62e7e4998760e6d918a4",
      "version-date": "2023-09-06",
      "port-version": 0
    },
    {
      "git-tree": "57e857fda6b1dadd02036d9c012963db900bfc33",
      "version-date": "2023-02-25",
      "port-version": 0
    },
    {
      "git-tree": "48bfa748f78837921860329547ed6e5799665698",
      "version-date": "2022-02-10",
      "port-version": 1
    },
    {
      "git-tree": "d4f1fd82fd733b622ed83f5f502b8483e5b2ca3b",
      "version-date": "2022-02-10",
      "port-version": 0
    },
    {
      "git-tree": "1fae7b16a1eb390ca9239c3e82aa0fdb41f9565b",
      "version-date": "2022-01-10",
      "port-version": 0
    },
    {
      "git-tree": "558512de1cc52fd9e246d6e7b99575418dd8500f",
      "version-date": "2021-04-02",
      "port-version": 1
    },
    {
      "git-tree": "827541895526ebcd68711de9d05e98acd09bd323",
      "version-date": "2021-04-02",
      "port-version": 0
    }
  ]
}
