{
  "versions": [
    {
      "git-tree": "cdfb605662a81299245a1ea4a3659fab1ddaff70",
      "version": "1.5.1",
      "port-version": 0
    },
    {
      "git-tree": "22011ab1f929bf881c5521272ee0818cb75dee1c",
      "version": "1.3.2",
      "port-version": 8
    },
    {
      "git-tree": "3516ee436fc923a7ac6344886ff394e80ebc6e09",
      "version": "1.3.2",
      "port-version": 7
    },
    {
      "git-tree": "13f79b5e4c8b4c07b38f9b5a010965433b753bb4",
      "version": "1.3.2",
      "port-version": 6
    },
    {
      "git-tree": "dcadef2870528d24faf78307c390e976d1daab19",
      "version": "1.3.2",
      "port-version": 5
    },
    {
      "git-tree": "5b67cea53009faa43a8b8d6332d1d5449802de96",
      "version": "1.3.2",
      "port-version": 4
    },
    {
      "git-tree": "fbf4e4c53dcb75ef6bd7d62c7985fe7a4225b6e0",
      "version": "1.3.2",
      "port-version": 3
    },
    {
      "git-tree": "8408112396883b134bd25e2522f9a806ceaae3ea",
      "version": "1.3.2",
      "port-version": 2
    },
    {
      "git-tree": "17b86f3a18ad63659d4dfbafc194969279a7a4f0",
      "version": "1.3.2",
      "port-version": 1
    },
    {
      "git-tree": "7b3bad7cb3eec367da9a8f2c6593b25e00720c66",
      "version": "1.3.2",
      "port-version": 0
    },
    {
      "git-tree": "3f6f5419cfc743a85e4f1fb1b582d4728b79c1e2",
      "version": "0.63",
      "port-version": 2
    },
    {
      "git-tree": "d4234634624fc778e5d80db63cf53bac8587ebb9",
      "version": "0.63",
      "port-version": 1
    },
    {
      "git-tree": "bee0cb6c5edf45133ebc9643b86c9c775ab36cfe",
      "version": "0.63",
      "port-version": 0
    },
    {
      "git-tree": "e35f24d912749fa1de06cb3cf533028e6f363398",
      "version": "0.62.1",
      "port-version": 0
    },
    {
      "git-tree": "6fe7cf1649af5d90c1e88765411a463cac55e99c",
      "version": "0.60.2",
      "port-version": 2
    },
    {
      "git-tree": "932036adfc24dd5fa63787b825974b6938402700",
      "version": "0.60.2",
      "port-version": 1
    },
    {
      "git-tree": "e6ef15a9dc810b4bde53d9b1e3da3a20107e3983",
      "version": "0.60.2",
      "port-version": 0
    }
  ]
}
