{
  "versions": [
    {
      "git-tree": "587eccab043d27e654b2d48091677f08fb099233",
      "version": "1.3.290.0",
      "port-version": 0
    },
    {
      "git-tree": "f2b6ac616463bb279cb0677885ab70c8c734f3bd",
      "version": "1.3.280.0",
      "port-version": 0
    },
    {
      "git-tree": "53fab978fa1af1363dd629deaedda328acafa01e",
      "version": "1.3.275.0",
      "port-version": 0
    },
    {
      "git-tree": "058ede4fd9458f7fc471ea3663e4e8e6f455f638",
      "version": "1.3.268.0",
      "port-version": 0
    }
  ]
}
