{
  "versions": [
    {
      "git-tree": "368a491e8bad201ee1b88e88314b77c540dcea2b",
      "version": "0.23.90",
      "port-version": 5
    },
    {
      "git-tree": "34932d2a4b1c53aefeed99ef9133f8a307ad9958",
      "version": "0.23.90",
      "port-version": 4
    },
    {
      "git-tree": "09371ba90d3c31d038bffd54a90203b5b4f7fdc8",
      "version": "0.23.90",
      "port-version": 3
    },
    {
      "git-tree": "af1f66aef9076cd2e27c941851d1549d1cbffe00",
      "version": "0.23.90",
      "port-version": 2
    },
    {
      "git-tree": "545ecda77fa95f46216d944ca8ab1f7e12378930",
      "version": "0.23.90",
      "port-version": 1
    },
    {
      "git-tree": "7c066057a5c24bbea65e26e9e7519db938a2932e",
      "version": "0.23.90",
      "port-version": 0
    }
  ]
}
