{
  "versions": [
    {
      "git-tree": "7041df1b28901785cee16019a1fb8a0cef7c6bb1",
      "version": "2.7.2.14",
      "port-version": 5
    },
    {
      "git-tree": "c8e9fb1b912244a0d844e2748210a805ae2a7a93",
      "version-string": "2.7.2.14",
      "port-version": 4
    },
    {
      "git-tree": "beca539b781c4a50d092a4b02e9b2af455f14b40",
      "version-string": "2.7.2.14",
      "port-version": 3
    },
    {
      "git-tree": "b5a0f89ae5e856ba0a4f3289230f2df88c4a028c",
      "version-string": "2.7.2.14",
      "port-version": 2
    },
    {
      "git-tree": "c7f1674a923779970b8e0ba8da0e73f776e0f8e7",
      "version-string": "2.7.2.14-1",
      "port-version": 0
    },
    {
      "git-tree": "848a7a4fbf7283399af7eec484ec30ce41c0603c",
      "version-string": "2.7.2.14",
      "port-version": 0
    }
  ]
}
