{
  "versions": [
    {
      "git-tree": "959f30c07d83546ddf30dd03220bd52a6a5eb5b4",
      "version-string": "1.2b",
      "port-version": 6
    },
    {
      "git-tree": "e475a3306653b4ab8f50dc691dff3f7fda152b83",
      "version-string": "1.2b",
      "port-version": 5
    },
    {
      "git-tree": "11c21ca45a95bf05d74344c2518e3a9d107da566",
      "version-string": "1.2b",
      "port-version": 4
    },
    {
      "git-tree": "6eb1cef7299cd3f060fd21c526ab29a8553766c2",
      "version-string": "1.2b-3",
      "port-version": 0
    },
    {
      "git-tree": "f2b877ed05d0f8dd99a4c38c871af615c5d43a6f",
      "version-string": "1.2b-2",
      "port-version": 0
    },
    {
      "git-tree": "48330b77a37966bed0af28532a60ffd26ea9a07b",
      "version-string": "1.2b-1",
      "port-version": 0
    },
    {
      "git-tree": "cf683451daf6f53d690f7a3c08f0dae046ea4607",
      "version-string": "1.2b",
      "port-version": 0
    },
    {
      "git-tree": "0071e5670fb051a6527270adb65c32e5257c7880",
      "version-string": "",
      "port-version": 0
    }
  ]
}
