{
  "versions": [
    {
      "git-tree": "96e8f763f41b331a6a7e8706925d8a49931627f1",
      "version": "1.1",
      "port-version": 6
    },
    {
      "git-tree": "959aac1b74b20fe931081e70cedd5e82533669fc",
      "version": "1.1",
      "port-version": 5
    },
    {
      "git-tree": "4bfc198df4803019e174c0489fcc91e178f66930",
      "version": "1.1",
      "port-version": 4
    },
    {
      "git-tree": "ecf4d9fd039390613094ab42564601f32f9982c3",
      "version-string": "1.1",
      "port-version": 3
    },
    {
      "git-tree": "a4143f10f8cf6b5d8d25626961e56fec4cb3c706",
      "version-string": "1.1-2",
      "port-version": 0
    },
    {
      "git-tree": "af7d10ad6b2e69105dc6e7d3407b67bbad2bd8d0",
      "version-string": "1.1-1",
      "port-version": 0
    },
    {
      "git-tree": "1a8cdb6bf3f610b40a412d89e6126af97111c581",
      "version-string": "1.1",
      "port-version": 0
    }
  ]
}
