{
  "versions": [
    {
      "git-tree": "7cadb35b3498a07bf7e64fafd1a2cfc04ef96a52",
      "version-string": "2.4.03",
      "port-version": 3
    },
    {
      "git-tree": "c1f17dd915374b25e123d358f01990425f3e0e97",
      "version-string": "2.4.03",
      "port-version": 2
    },
    {
      "git-tree": "acdeaea4e9ff6ac06a4349375f57cfe0e66aa241",
      "version-string": "2.4.03",
      "port-version": 1
    },
    {
      "git-tree": "61ca37cefb07e151ea7eb1ce1c6e19b8c2b74312",
      "version-string": "2.4.03",
      "port-version": 0
    }
  ]
}
