{
  "versions": [
    {
      "git-tree": "e6bb405d13f5270e92c492306f317cb01dc4ab30",
      "version-date": "2023-04-23",
      "port-version": 0
    },
    {
      "git-tree": "a108afe478661d93adbf6ca758501a543d89f2b1",
      "version-string": "2019.02.06",
      "port-version": 2
    },
    {
      "git-tree": "673b7749d7e3be0b8f86b2f8452c5f548068add8",
      "version-string": "2019.02.06",
      "port-version": 1
    },
    {
      "git-tree": "b050ea8f545743febd0e79347ef3cf5d6fe92e12",
      "version-string": "2019.02.06",
      "port-version": 0
    }
  ]
}
