{
  "versions": [
    {
      "git-tree": "91b28cb3c5b2606dc0706969eeacbf6966e9b50c",
      "version": "3.0.2",
      "port-version": 1
    },
    {
      "git-tree": "3bc5e6266f184934f9701339f472db510bb7a1e4",
      "version": "3.0.2",
      "port-version": 0
    },
    {
      "git-tree": "49751d73421ae465b278aea471d6c8903837697c",
      "version": "2.2.0",
      "port-version": 1
    },
    {
      "git-tree": "5a146337e0416425fb7a412027c755681cf88921",
      "version": "2.2.0",
      "port-version": 0
    },
    {
      "git-tree": "76f01b924fd6003cc4d2a12b8e849444a7bbdd6e",
      "version-string": "2.1.0",
      "port-version": 2
    },
    {
      "git-tree": "849d35ab99423558e72a9bfa69ae95ae11635fda",
      "version-string": "2.1.0-1",
      "port-version": 0
    },
    {
      "git-tree": "664a441e9faa4e4832221165387c5d0a041b43be",
      "version-string": "2.1.0",
      "port-version": 0
    },
    {
      "git-tree": "8aad9d585819424c5753e9eac81c2a8cfdcfbaab",
      "version-string": "2.0.8",
      "port-version": 0
    }
  ]
}
