{
  "versions": [
    {
      "git-tree": "2780ce3e9a7d00f93b698dd5305e55ab916d2bf8",
      "version-string": "2024.08.19.00",
      "port-version": 0
    },
    {
      "git-tree": "868196c1251f53fb06cb6cc8d7391ff18820c7d9",
      "version-string": "2024.08.05.00",
      "port-version": 0
    },
    {
      "git-tree": "385ba473f8f7d07ce8414e6cfe126dcb126b1ad0",
      "version-string": "2024.07.29.00",
      "port-version": 0
    },
    {
      "git-tree": "6c2a43d2e8314704625a086fbaee2948408be2d0",
      "version-string": "2024.07.22.00",
      "port-version": 0
    },
    {
      "git-tree": "6791d07ae9fe8265688bad7e7fd0dfa9755a2285",
      "version-string": "2024.07.15.00",
      "port-version": 0
    },
    {
      "git-tree": "240986dc80a7741fc3bedcd20ab57e8475bdfd0e",
      "version-string": "2024.07.08.00",
      "port-version": 0
    },
    {
      "git-tree": "3da6a3eb2d381a5978a4b75fb6d97cbbe28e63bc",
      "version-string": "2024.07.01.00",
      "port-version": 0
    },
    {
      "git-tree": "79be938668054ff02c7908e028778d348897661d",
      "version-string": "2024.06.24.00",
      "port-version": 0
    },
    {
      "git-tree": "2d374534795f05e1ddc1eb4864d0850b7e32cf78",
      "version-string": "2024.06.17.00",
      "port-version": 0
    },
    {
      "git-tree": "a36b6f421f71ca50426d4b5f249c16df2034b235",
      "version-string": "2024.06.10.00",
      "port-version": 0
    },
    {
      "git-tree": "67f3ff55c31fec0388d6d01895010b2869041761",
      "version-string": "2024.06.03.00",
      "port-version": 0
    },
    {
      "git-tree": "48d65c71f646bd93e62e4e90afe8fcb82f4f63f0",
      "version-string": "2024.05.27.00",
      "port-version": 0
    },
    {
      "git-tree": "41f9b5d23fb34a90267c156bd583d176e38b3750",
      "version-string": "2024.05.20.00",
      "port-version": 0
    },
    {
      "git-tree": "48f5fb37da14c150b05afeba4c41f8302e2a93dd",
      "version-string": "2024.05.06.00",
      "port-version": 0
    },
    {
      "git-tree": "9ed4f94e9cbb5def1b928d8ca95ec66ff433872a",
      "version-string": "2024.05.02.00",
      "port-version": 0
    },
    {
      "git-tree": "78a580b4f5ac9e8b652046330df2d03dd4c2692a",
      "version-string": "2024.04.22.00",
      "port-version": 1
    },
    {
      "git-tree": "4bb8fa5be07d30ff4e4035c5c919a554dc9e8eec",
      "version-string": "2024.04.22.00",
      "port-version": 0
    },
    {
      "git-tree": "f33e273595f6c55018aca87d97f12eb3a83bfcd9",
      "version-string": "2024.04.15.00",
      "port-version": 0
    },
    {
      "git-tree": "c0b5b25444aee23d293543cb07f671e422d131a1",
      "version-string": "2024.01.01.00",
      "port-version": 0
    },
    {
      "git-tree": "082167d3253fd7af5973a5e970a407c117702841",
      "version-string": "2023.10.02.00",
      "port-version": 0
    },
    {
      "git-tree": "345723d54eef6854daed66dedae0b9d4ead2f9a4",
      "version-date": "2023-05-18",
      "port-version": 0
    },
    {
      "git-tree": "6187a6048afe0846ffb243d00981f0da0666aa38",
      "version-date": "2022-11-03",
      "port-version": 0
    },
    {
      "git-tree": "b054de2d05773c286f25528132a496dd075d3914",
      "version-date": "2022-03-27",
      "port-version": 0
    },
    {
      "git-tree": "042a5236f46c787daf8334a8ca9c0cd3f71ab1b4",
      "version": "0.2",
      "port-version": 1
    },
    {
      "git-tree": "72ff9157858363c60db8f1e0bd8de03546f7d0e4",
      "version": "0.2",
      "port-version": 0
    },
    {
      "git-tree": "c73381f28aba19d8c008096270feca19a798fa92",
      "version": "0.1",
      "port-version": 1
    },
    {
      "git-tree": "9af76c6cd8bea86bff84e5ccddc9f9e39290391e",
      "version": "0.1",
      "port-version": 0
    }
  ]
}
