{
  "versions": [
    {
      "git-tree": "f299ee1037140bda3d4cd6ef09b2d877cc61db07",
      "version-date": "2019-08-20",
      "port-version": 3
    },
    {
      "git-tree": "9fab3a6181cbaace8875990f9aab595cdad59956",
      "version-string": "2019-08-20",
      "port-version": 2
    },
    {
      "git-tree": "a2635321561486b77f14251f44d1b3ce29ec1b24",
      "version-string": "2019-08-20-1",
      "port-version": 0
    },
    {
      "git-tree": "8d866ee14452c6b244f1c5369f5e760e07bee25b",
      "version-string": "2019-08-20",
      "port-version": 0
    }
  ]
}
