{
  "versions": [
    {
      "git-tree": "47782a521b53acaa6ee44a2956a2e98d17a20e50",
      "version": "2.13.0",
      "port-version": 8
    },
    {
      "git-tree": "b57473b86bc71733209e195206d253f1dd3658b2",
      "version": "2.13.0",
      "port-version": 7
    },
    {
      "git-tree": "7de6296fc337f181517f8ed4c2e6ed35d749e414",
      "version": "2.13.0",
      "port-version": 6
    },
    {
      "git-tree": "82bfc56de1430aa6fec9c27925d46a72e1b800a0",
      "version": "2.13.0",
      "port-version": 5
    },
    {
      "git-tree": "3549b9a15615f77ec718e9071309482707ad3779",
      "version": "2.13.0",
      "port-version": 4
    },
    {
      "git-tree": "2c22ba3957ee9a1a2c6d893c746b6a51bf38435c",
      "version-string": "2.13.0",
      "port-version": 3
    },
    {
      "git-tree": "4610c5bd3b7d399b683bea63cb00fe277bbcb3f8",
      "version-string": "2.13.0",
      "port-version": 2
    },
    {
      "git-tree": "921e300d4f37f15072f30eaaf382d2d27f598ac6",
      "version-string": "2.13.0",
      "port-version": 0
    },
    {
      "git-tree": "174e2417bc9f936e7b856fa71ed1782c8b2d479e",
      "version-string": "2.13.0",
      "port-version": 1
    },
    {
      "git-tree": "8323483e55b9eb32dd5f7801468e3daed8dff134",
      "version-string": "2.13.0",
      "port-version": 0
    },
    {
      "git-tree": "bf6a98594c343544352a582ea3137bd7176c5172",
      "version-string": "2.12.4",
      "port-version": 9
    },
    {
      "git-tree": "fc64f1f3821e9e09e5fe7c2567ebce3e3cfcd788",
      "version-string": "2.12.4-8",
      "port-version": 0
    },
    {
      "git-tree": "7a0eb636aeb71e6b1d6fb49c4d3c2069b096458c",
      "version-string": "2.12.4-7",
      "port-version": 0
    },
    {
      "git-tree": "b10fd1beea51b05ca320573f646b22d4510e8ad9",
      "version-string": "2.12.4-5",
      "port-version": 0
    },
    {
      "git-tree": "e7e994942f4a99c08d9f1ee37a3d6bf2213f9eaa",
      "version-string": "2.12.4-4",
      "port-version": 0
    },
    {
      "git-tree": "ecdcb2e22a873e00e09ca5fba4df30c47e015872",
      "version-string": "2.12.4-3",
      "port-version": 0
    },
    {
      "git-tree": "4b875f604ab78245d055490f7a26f3d005d955ce",
      "version-string": "2.12.4-2",
      "port-version": 0
    },
    {
      "git-tree": "27ca1bf9cdb1602d324d41504a71fd9241a76022",
      "version-string": "2.12.4-1",
      "port-version": 0
    },
    {
      "git-tree": "6a3eec1775d776d027cc4882f0868f75faa0b6e2",
      "version-string": "2.12.4",
      "port-version": 0
    }
  ]
}
