{
  "versions": [
    {
      "git-tree": "6f3345b4889287461620da1c6c3220666d8bb8f3",
      "version": "1.8.0",
      "port-version": 1
    },
    {
      "git-tree": "376b1b6483e138ceda93ab3b1aab6f3e51be74ad",
      "version": "1.8.0",
      "port-version": 0
    },
    {
      "git-tree": "a53df304990ba731189df6b4391c5eede88bd90c",
      "version": "1.7.0",
      "port-version": 1
    },
    {
      "git-tree": "9131848b9c36878cb0944b3e8058fa0d25b0d335",
      "version": "1.7.0",
      "port-version": 0
    }
  ]
}
