{
  "versions": [
    {
      "git-tree": "a772a084c23789a5e43d7a8880cb7e980a6314b6",
      "version": "2.0.1",
      "port-version": 4
    },
    {
      "git-tree": "4ae7e238a2a00496c78d2d2bb2101f9e054975e9",
      "version": "2.0.1",
      "port-version": 3
    },
    {
      "git-tree": "38faf77539eb45a0336501ea8af5d63b9ca11c83",
      "version-string": "2.0.1",
      "port-version": 2
    },
    {
      "git-tree": "33dae8e97560e2d4c72ea3d0e49e59a70ee3d979",
      "version-string": "2.0.1",
      "port-version": 1
    },
    {
      "git-tree": "27e231e5c0df7b8dd8788108c7d9cb266348c427",
      "version-string": "2.0.1",
      "port-version": 0
    }
  ]
}
