{
  "versions": [
    {
      "git-tree": "ddfa61f547e616e5d2ae460b5f759a702e8c067d",
      "version": "1.6.0",
      "port-version": 2
    },
    {
      "git-tree": "227654175c4fb36c68d385ee7414e057b534f644",
      "version": "1.6.0",
      "port-version": 1
    },
    {
      "git-tree": "f7c18d82e3bac5d715689349cf8c28fa0596c6e2",
      "version": "1.6.0",
      "port-version": 0
    },
    {
      "git-tree": "e84533ed07e21e33b38553c3b75abd9a65536e76",
      "version": "1.5.0",
      "port-version": 0
    },
    {
      "git-tree": "afc1585394c775f2989331db3baaa1b2c7449516",
      "version": "1.2.0",
      "port-version": 0
    },
    {
      "git-tree": "c373297464e5a9b8bc18bd89703571e3ebf2417d",
      "version": "1.1.0",
      "port-version": 0
    },
    {
      "git-tree": "b2b2e40609c45b92b199a998590bb1074f1226d4",
      "version": "1.0.1",
      "port-version": 0
    },
    {
      "git-tree": "40104b5c6052054c49211e1a9098f833dba4a63d",
      "version": "1.0.0",
      "port-version": 0
    },
    {
      "git-tree": "05c0bba60ffa39b1368709bb4ef25102b4b74c7a",
      "version": "0.19.1",
      "port-version": 0
    },
    {
      "git-tree": "4daeb8ad745feeafd60b7fcf856907745ed6e4d8",
      "version": "0.18.0",
      "port-version": 0
    },
    {
      "git-tree": "d0d7665d44dfadb8bd4ac73c842d33f54b888802",
      "version": "0.17.0",
      "port-version": 0
    },
    {
      "git-tree": "5c23d20c06e58c61401f02c07a05bce9cf6a3eb4",
      "version": "0.16.0",
      "port-version": 0
    },
    {
      "git-tree": "ae54f702f177016f67025862105af12921ccb325",
      "version": "0.14.1",
      "port-version": 0
    },
    {
      "git-tree": "2ed43a821081be8b08e5e93265f04def890da42f",
      "version": "0.14.0",
      "port-version": 0
    },
    {
      "git-tree": "650ddd9f22d59c17ff9adbb88b23c99c4cd2a742",
      "version": "0.13.1",
      "port-version": 1
    },
    {
      "git-tree": "1387b33cfba7ba284c8862a97cf5d6fa9dfc8a9a",
      "version": "0.13.1",
      "port-version": 0
    },
    {
      "git-tree": "84ab1e937c8536276a0dbd41ef161818f3227a27",
      "version": "0.11.0",
      "port-version": 0
    }
  ]
}
