{
  "versions": [
    {
      "git-tree": "4b44b6979dba8939009d769f36a90196e93afe9f",
      "version-date": "2019-04-20",
      "port-version": 4
    },
    {
      "git-tree": "9c9da5344edbd70d4941eec3b1b1ef7ce90a3c1a",
      "version-string": "2019-04-20",
      "port-version": 3
    },
    {
      "git-tree": "35083b1d3db802ef074b75da839d035ac965a420",
      "version-string": "2019-04-20",
      "port-version": 2
    },
    {
      "git-tree": "57ab8e437a9552f2fc12a3854b4965912a8a1778",
      "version-string": "2019-04-20-1",
      "port-version": 0
    },
    {
      "git-tree": "cd667cb87d2a7198714ff458271b09bf486f952e",
      "version-string": "2019-04-20",
      "port-version": 0
    }
  ]
}
