{
  "versions": [
    {
      "git-tree": "2ac026e89f8d32d1b421bdc000ca17f0c7d3e3c7",
      "version": "4.35",
      "port-version": 4
    },
    {
      "git-tree": "f6ae665af0bc5a8b98f846bf8e8468e823f09509",
      "version": "4.35",
      "port-version": 3
    },
    {
      "git-tree": "26de592ee740014b5e1a5d038e5f2132671312b5",
      "version": "4.35",
      "port-version": 2
    },
    {
      "git-tree": "a07f5ffc6f4bd4a9154a599898fbac38115c8124",
      "version": "4.33",
      "port-version": 2
    },
    {
      "git-tree": "efd7b94673495b09ee48d1c2a4453f70c5e0bb7c",
      "version": "4.33",
      "port-version": 1
    },
    {
      "git-tree": "ec6fe24b3b4db98f624391627f113a7bd93397eb",
      "version": "4.33",
      "port-version": 0
    }
  ]
}
