{
  "schema-version": 1,
  "tools": [
    {
      "name": "python3",
      "os": "windows",
      "version": "3.12.7",
      "executable": "python.exe",
      "url": "https://www.python.org/ftp/python/3.12.7/python-3.12.7-embed-win32.zip",
      "sha512": "15542080e0cc25c574391218107fe843006e8c5a7161d1cd48cf14a3c47155c0244587273d9c747f35b15ea17676869ecce079214824214c1a62abfc86ad9f9b",
      "archive": "python-3.12.7-embed-win32.zip"
    },
    {
      "name": "python3_with_venv",
      "os": "windows",
      "version": "3.12.7",
      "executable": "tools/python.exe",
      "url": "https://www.nuget.org/api/v2/package/python/3.12.7",
      "sha512": "6d5cac329808e31d4d8d593da6eeaa9ea4ec0296679335e7b7811f6c6fa6cbb96948d2f7845071798c6f73f83852dd731dc2b0fda48c520b9bec8a86cc56134e",
      "archive": "python-3.12.7.nupkg.zip"
    },
    {
      "name": "cmake",
      "os": "windows",
      "arch": "amd64",
      "version": "3.30.1",
      "executable": "cmake-3.30.1-windows-i386/bin/cmake.exe",
      "url": "https://github.com/Kitware/CMake/releases/download/v3.30.1/cmake-3.30.1-windows-i386.zip",
      "sha512": "0b74bd4222064cfb6e42838987704eb21d57ad5f7bbd87714ab570f1d107fa19bd2f14316475338518292bc377bf38b581a07c73267a775cd385bbd1800879b4",
      "archive": "cmake-3.30.1-windows-i386.zip"
    },
    {
      "name": "cmake",
      "os": "windows",
      "arch": "arm64",
      "version": "3.30.1",
      "executable": "cmake-3.30.1-windows-arm64/bin/cmake.exe",
      "url": "https://github.com/Kitware/CMake/releases/download/v3.30.1/cmake-3.30.1-windows-arm64.zip",
      "sha512": "40bcdeff5ff40044629f49e0effc958a719353330ea39876b919fb7c2d441885c884acf43e644ab5dedcb95503d211c895da1c0b6360e71449bea6a981f8e128",
      "archive": "cmake-3.30.1-windows-arm64.zip"
    },
    {
      "name": "cmake",
      "os": "osx",
      "version": "3.30.1",
      "executable": "cmake-3.30.1-macos-universal/CMake.app/Contents/bin/cmake",
      "url": "https://github.com/Kitware/CMake/releases/download/v3.30.1/cmake-3.30.1-macos-universal.tar.gz",
      "sha512": "71290d3b5e51724711e8784f5b21100cb0cffdbb889da7572a26dd171d9052601496de8d39c42d76ef3a9245af2ab35a590bf53ad68d7bb8a2047b64272d2647",
      "archive": "cmake-3.30.1-macos-universal.tar.gz"
    },
    {
      "name": "cmake",
      "os": "linux",
      "arch": "arm64",
      "version": "3.30.1",
      "executable": "cmake-3.30.1-linux-aarch64/bin/cmake",
      "url": "https://github.com/Kitware/CMake/releases/download/v3.30.1/cmake-3.30.1-linux-aarch64.tar.gz",
      "sha512": "ec6c1c682dda2381aa5ebef98a2597e4ab6b4563639c28b2f30c20360694b902a7b33c175c796169a9f99ed139f053916042caed58d83298680894c2840dbb87",
      "archive": "cmake-3.30.1-linux-aarch64.tar.gz"
    },
    {
      "name": "cmake",
      "os": "linux",
      "version": "3.30.1",
      "arch": "amd64",
      "executable": "cmake-3.30.1-linux-x86_64/bin/cmake",
      "url": "https://github.com/Kitware/CMake/releases/download/v3.30.1/cmake-3.30.1-linux-x86_64.tar.gz",
      "sha512": "84ce1333ed696a1736986fba2853c5d8db0e4c9addaf4a4723911248c6d49ecf545adf8bd46091d198fc7bd1e6c896798661463aa1ce3a726a093883aaa19adf",
      "archive": "cmake-3.30.1-linux-x86_64.tar.gz"
    },
    {
      "name": "git",
      "os": "windows",
      "arch": "arm64",
      "version": "2.7.4",
      "executable": "clangarm64/bin/git.exe",
      "url": "https://github.com/git-for-windows/git/releases/download/v2.51.0.windows.1/PortableGit-2.51.0-arm64.7z.exe",
      "sha512": "877b4cc5c91108488c55b9a75059d864915f50929cc4ebfa741074216e5e597ae3b7f4e35dea7a1e667f8d712ba8d1f6813d66d11d00bf42b0bb681322386e76",
      "archive": "PortableGit-2.47.1.2-arm64.7z.exe"
    },
    {
      "name": "git",
      "os": "windows",
      "arch": "amd64",
      "version": "2.7.4",
      "executable": "mingw64/bin/git.exe",
      "url": "https://github.com/git-for-windows/git/releases/download/v2.51.0.windows.1/PortableGit-2.51.0-64-bit.7z.exe",
      "sha512": "74680d7d4573e2f428bbaa0d38d6506ddf870f2a20f4ec3118bc3012cb9ca766e03508f074fd4b3b0b034bbd05d2c4eecde321c73e18613fe11fbc7510c731c7",
      "archive": "PortableGit-2.47.1.2-64-bit.7z.exe"
    },
    {
      "name": "git",
      "os": "linux",
      "version": "2.7.4",
      "executable": ""
    },
    {
      "name": "git",
      "os": "osx",
      "version": "2.7.4",
      "executable": ""
    },
    {
      "name": "git",
      "os": "freebsd",
      "version": "2.7.4",
      "executable": ""
    },
    {
      "name": "gsutil",
      "os": "windows",
      "version": "4.65",
      "executable": "google-cloud-sdk/bin/gsutil.cmd",
      "url": "https://dl.google.com/dl/cloudsdk/channels/rapid/downloads/google-cloud-sdk-347.0.0-windows-x86_64-bundled-python.zip",
      "sha512": "e2792e17b132aad77f7c0b9fd26faf415e9437923d9227a9e6d253554e6843d29a6ddad0a7fb5e9aea4a130fd4c521e6ece8844fd4a4f9e8d580348775425389",
      "archive": "google-cloud-sdk-347.0.0-windows-x86_64-bundled-python.zip"
    },
    {
      "name": "gsutil",
      "os": "osx",
      "version": "4.65",
      "executable": "gsutil/gsutil",
      "url": "https://storage.googleapis.com/pub/gsutil_4.65.tar.gz",
      "sha512": "2c5c9dea48147f97180a491bbb9e24e8cbcd4f3452620e2f80338b781e4dfc90bb754e3bbfa05e1b990e44bff52d990d8c2dd51bc83d112339d8e6096a2f21c8",
      "archive": "gsutil_4.65.tar.gz"
    },
    {
      "name": "gsutil",
      "os": "linux",
      "version": "4.65",
      "executable": "gsutil/gsutil",
      "url": "https://storage.googleapis.com/pub/gsutil_4.65.tar.gz",
      "sha512": "2c5c9dea48147f97180a491bbb9e24e8cbcd4f3452620e2f80338b781e4dfc90bb754e3bbfa05e1b990e44bff52d990d8c2dd51bc83d112339d8e6096a2f21c8",
      "archive": "gsutil_4.65.tar.gz"
    },
    {
      "name": "vswhere",
      "os": "windows",
      "version": "3.1.7",
      "executable": "vswhere.exe",
      "url": "https://github.com/microsoft/vswhere/releases/download/3.1.7/vswhere.exe",
      "sha512": "40c534eb27f079c15c9782f53f82c12dabfede4d3d85f0edf8a855c2b0d5e12921a96506b37c210beab3c33220f8ff098447ad054e82d8c2603964975fc12076"
    },
    {
      "name": "nuget",
      "os": "windows",
      "version": "6.10.0",
      "executable": "nuget.exe",
      "url": "https://dist.nuget.org/win-x86-commandline/v6.10.0/nuget.exe",
      "sha512": "71d7307bb89de2df3811419c561efa00618a4c68e6ce481b0bdfc94c7c6c6d126a54eb26a0015686fabf99f109744ca41fead99e97139cdc86dde16a5ec3e7cf"
    },
    {
      "name": "nuget",
      "os": "linux",
      "version": "6.10.0",
      "executable": "nuget.exe",
      "url": "https://dist.nuget.org/win-x86-commandline/v6.10.0/nuget.exe",
      "sha512": "71d7307bb89de2df3811419c561efa00618a4c68e6ce481b0bdfc94c7c6c6d126a54eb26a0015686fabf99f109744ca41fead99e97139cdc86dde16a5ec3e7cf"
    },
    {
      "name": "nuget",
      "os": "osx",
      "version": "6.10.0",
      "executable": "nuget.exe",
      "url": "https://dist.nuget.org/win-x86-commandline/v6.10.0/nuget.exe",
      "sha512": "71d7307bb89de2df3811419c561efa00618a4c68e6ce481b0bdfc94c7c6c6d126a54eb26a0015686fabf99f109744ca41fead99e97139cdc86dde16a5ec3e7cf"
    },
    {
      "name": "coscli",
      "os": "windows",
      "version": "1.0.3",
      "arch": "amd64",
      "executable": "coscli-v1.0.3-windows-amd64.exe",
      "url": "https://github.com/tencentyun/coscli/releases/download/v1.0.3/coscli-v1.0.3-windows-amd64.exe",
      "sha512": "909b1c48e3c0dc0c3a4bd32d865db914307f65d6266c4f9025a4a6aea1e75b817581b8257633e74b3cab86b4f2e343d049a9ce65ceaf6b85dacdd55afd74d183"
    },
    {
      "name": "coscli",
      "os": "linux",
      "version": "1.0.3",
      "arch": "arm",
      "executable": "coscli-v1.0.3-linux-arm",
      "url": "https://github.com/tencentyun/coscli/releases/download/v1.0.3/coscli-v1.0.3-linux-arm",
      "sha512": "28f43cc678665b87da19a26838037552638aea96b541171f0e5f71eb3098fff3b2325f96c81532fb102dcb09f8bbd707b8d269d14879a4404b2b31336ced15f7"
    },
    {
      "name": "coscli",
      "os": "linux",
      "version": "1.0.3",
      "arch": "arm64",
      "executable": "coscli-v1.0.3-linux-arm64",
      "url": "https://github.com/tencentyun/coscli/releases/download/v1.0.3/coscli-v1.0.3-linux-arm64",
      "sha512": "c277b8b921df9459045c7a9d4faefa8a86df93d75ab58f228ca168175226d58adeb9b78af2aac0638feb2232c0fa5d5f24bf4a76f7bd2822a9f21662b23fa3d6"
    },
    {
      "name": "coscli",
      "os": "linux",
      "version": "1.0.3",
      "arch": "amd64",
      "executable": "coscli-v1.0.3-linux-amd64",
      "url": "https://github.com/tencentyun/coscli/releases/download/v1.0.3/coscli-v1.0.3-linux-amd64",
      "sha512": "6c55a2b6e00afcc3cd3d724c50f8b07ab8b54b7d04f0e2a55f2b82a8735504422132431c4a70b152b94d7f02f9c03cea25f98013f884f099ba2bfd414ed9521a"
    },
    {
      "name": "coscli",
      "os": "osx",
      "version": "1.0.3",
      "arch": "arm64",
      "executable": "coscli-v1.0.3-darwin-arm64",
      "url": "https://github.com/tencentyun/coscli/releases/download/v1.0.3/coscli-v1.0.3-darwin-arm64",
      "sha512": "c91b2665682969e389b3c70c663eb694024b2f7ed68e059d2b9f44000259f6c6466cc33667b8557a2999b2d2ed912b405f997420c56df6dea50576368b1b8536"
    },
    {
      "name": "coscli",
      "os": "osx",
      "version": "1.0.3",
      "arch": "amd64",
      "executable": "coscli-v1.0.3-darwin-amd64",
      "url": "https://github.com/tencentyun/coscli/releases/download/v1.0.3/coscli-v1.0.3-darwin-amd64",
      "sha512": "aaa7fe9e71ef46246d08a59777898ea59a4ca6261ca9139e02ed2ebdc026295fa8d24d48cda2973c05fefe82379ad007196e08973dde6ce36c816df1dcfead2e"
    },
    {
      "name": "7zip_msi",
      "os": "windows",
      "version": "25.01",
      "executable": "Files/7-Zip/7z.exe",
      "url": "https://github.com/ip7z/7zip/releases/download/25.01/7z2501-x64.msi",
      "sha512": "d481c49ff571d86e29eb9df700be4c79fe5a4bc8616b1524a3c10ef5ad3592a9d495b057e8be20952437760aad020087aca5ee9c73ddd716285a9848257fc1dc",
      "archive": "7z2501-x64.msi"
    },
    {
      "name": "7zip",
      "os": "windows",
      "version": "25.01",
      "executable": "7z.exe",
      "url": "https://github.com/ip7z/7zip/releases/download/25.01/7z2501.exe",
      "sha512": "1d6dd5ecadb2809dc4ee8ec6b022513cf7aa4f12ed6de2869c90c8c0f04db006fd0da214a7cdf3117572d4f9ea3f2e96de1af9e6042e9acff54ea2c177eda47a",
      "archive": "7z2501.7z.exe"
    },
    {
      "name": "7zr",
      "os": "windows",
      "version": "25.01",
      "executable": "7zr.exe",
      "url": "https://github.com/ip7z/7zip/releases/download/25.01/7zr.exe",
      "sha512": "7d84fcad0a6a1cf8c2e7bb01606c671cd91bf2691595eee1f0d67c89711c551778188423f07bbbfdced6ea03eda33b513fffa39584c60e9a5079a0efb7e73bb0"
    },
    {
      "name": "ninja",
      "os": "windows",
      "arch": "arm64",
      "version": "1.13.1",
      "executable": "ninja.exe",
      "url": "https://github.com/ninja-build/ninja/releases/download/v1.13.1/ninja-winarm64.zip",
      "sha512": "6a3873522b3397a4d68c6a6c3e389085b81ba5ff20d4f5c289b3974c8bf7169de9cf2c8d9482c2b06846783492620008f486db44c2c651f007b3c335022a472d",
      "archive": "ninja-winarm64-1.13.1.zip"
    },
    {
      "name": "ninja",
      "os": "windows",
      "arch": "x64",
      "version": "1.13.1",
      "executable": "ninja.exe",
      "url": "https://github.com/ninja-build/ninja/releases/download/v1.13.1/ninja-win.zip",
      "sha512": "44955ef9e0053036dc316de3693523ce280338c816b445c27fcbe7dd219543b815812662c9082c409b17d823284506faa5b5c3c5f6d3721242dfc73e56d4ec34",
      "archive": "ninja-win-1.13.1.zip"
    },
    {
      "name": "ninja",
      "os": "linux",
      "arch": "arm64",
      "version": "1.13.1",
      "executable": "ninja",
      "url": "https://github.com/ninja-build/ninja/releases/download/v1.13.1/ninja-linux-aarch64.zip",
      "sha512": "7cd841409fd2a4f35566ab2f0add75d89d94cfaa5952bc550cf263878469ab8109e36553b66e6422018012a4e9af4c7eaf79c84af1733d061231ce3511e3c98e",
      "archive": "ninja-linux-aarch64-1.13.1.zip"
    },
    {
      "name": "ninja",
      "os": "linux",
      "arch": "x64",
      "version": "1.13.1",
      "executable": "ninja",
      "url": "https://github.com/ninja-build/ninja/releases/download/v1.13.1/ninja-linux.zip",
      "sha512": "ca4e424c46c12f4e120ab2030edcff8e34cf5db9d05b4364f2d4be10f46e1a29eef64f7b4bf65fb33cd629b3bc3bcb9292341f92953968ef226f44b52959d916",
      "archive": "ninja-linux-1.13.1.zip"
    },
    {
      "name": "ninja",
      "os": "osx",
      "version": "1.13.1",
      "executable": "ninja",
      "url": "https://github.com/ninja-build/ninja/releases/download/v1.13.1/ninja-mac.zip",
      "sha512": "72ce74b57d21bcd50c1d457a304a3f4f88d960631a945f754180153a7e747950bc2e34195d0490d2c298bba2c02f96d5a5925b4096ddb7c86b67d35f7579641f",
      "archive": "ninja-mac-1.13.1.zip"
    },
    {
      "name": "powershell-core",
      "os": "windows",
      "version": "7.5.3",
      "executable": "pwsh.exe",
      "url": "https://github.com/PowerShell/PowerShell/releases/download/v7.5.3/PowerShell-7.5.3-win-x64.zip",
      "sha512": "3ccac854b8764423d9da5ffd680f8a9d68f37bcac703d17afba89109433d383fbbc5fd55a8b80d406f0f5e8b76836edeb148621fd3b99a5aca549c8938b8c578",
      "archive": "PowerShell-7.5.3-win-x64.zip"
    },
    {
      "name": "node",
      "os": "windows",
      "arch":"x64",
      "version": "24.8.0",
      "executable": "node-v24.8.0-win-x64/node.exe",
      "url": "https://nodejs.org/dist/v24.8.0/node-v24.8.0-win-x64.7z",
      "sha512": "df7099033a60f746f2a9eb0374d41fb68e7b0cce57f07a1819d3500ce8db36e3da2a6c77227f82e3373f1fe1cdec565f22ee8092274853d8f249fcdc0af5da06",
      "archive": "node-v24.8.0-win-x64.7z"
    },
    {
      "name": "node",
      "os": "windows",
      "arch":"arm64",
      "version": "24.8.0",
      "executable": "node-v24.8.0-win-arm64/node.exe",
      "url": "https://nodejs.org/dist/v24.8.0/node-v24.8.0-win-arm64.7z",
      "sha512": "f80a971d6c818aaea423d7b7171e27636d2701715bb1f6b760872d240121b1eb79bd717977bb3f4909ada81fbb7a941e1c1892707f758c7861d15fcdd623ede5",
      "archive": "node-v24.8.0-win-arm64.7z"
    },
    {
      "name": "node",
      "os": "linux",
      "arch":"x64",
      "version": "24.8.0",
      "executable": "node-v24.8.0-linux-x64/bin/node",
      "url": "https://nodejs.org/dist/v24.8.0/node-v24.8.0-linux-x64.tar.gz",
      "sha512": "c008d04c1976353fc9cf0efde11ab1cacbc726122ebe22cabf2d5eff156072266bc5a214caf0e064c59899ed4ce674f52fffb9aeec399ce0f94e347086ecf114",
      "archive": "node-v24.8.0-linux-x64.tar.gz"
    },
    {
      "name": "node",
      "os": "linux",
      "arch": "arm64",
      "version": "24.8.0",
      "executable": "node-v24.8.0-linux-arm64/bin/node",
      "url": "https://nodejs.org/dist/v24.8.0/node-v24.8.0-linux-arm64.tar.gz",
      "sha512": "58bcef57e47179ac9f0b81a2118c4ecb464fd8e38809e9744026af466f4ef1c7df16dd075e7f58b90d80e67241151d623cd48cba8a83cf898c42774b387c8d27",
      "archive": "node-v24.8.0-linux-arm64.tar.gz"
    },
    {
      "name": "node",
      "os": "osx",
      "arch":"x64",
      "version": "24.8.0",
      "executable": "node-v24.8.0-darwin-x64/bin/node",
      "url": "https://nodejs.org/dist/v24.8.0/node-v24.8.0-darwin-x64.tar.gz",
      "sha512": "7537027ce5d7b46e7241625d95a18df15e41233de4ec11ba17e9c500f7eb1b26004921f966f1a862c079fe56143934dd903a29cd5f41d22995811b6fd0842ca7",
      "archive": "node-v24.8.0-darwin-x64.tar.gz"
    },
    {
      "name": "node",
      "os": "osx",
      "arch": "arm64",
      "version": "24.8.0",
      "executable": "node-v24.8.0-darwin-arm64/bin/node",
      "url": "https://nodejs.org/dist/v24.8.0/node-v24.8.0-darwin-arm64.tar.gz",
      "sha512": "54e33d0397148e805aff9e3732a71c4f0e6de89a5c4cbe55606c5886e16df2df7812dc8c48f001e1ea2902002a4388221a86af3eb491d8c2287da4b7acdd57a6",
      "archive": "node-v24.8.0-darwin-arm64.tar.gz"
    },
    {
      "name": "azcopy",
      "os": "linux",
      "arch": "amd64",
      "version": "10.30.1",
      "executable": "azcopy_linux_amd64_10.30.1/azcopy",
      "url": "https://github.com/Azure/azure-storage-azcopy/releases/download/v10.30.1/azcopy_linux_amd64_10.30.1.tar.gz",
      "sha512": "ce4e760d047ef01def9e9e1057540d5b22da610ef1627820ca89ecf5496f2ebf6173fe7ff52fa00dcea55ff9f6e737b53ad1decaca32cd058037954fe1794b6f",
      "archive": "azcopy_linux_amd64_10.30.1.tar.gz"
    },
    {
      "name": "azcopy",
      "os": "osx",
      "arch": "amd64",
      "version": "10.30.1",
      "executable": "azcopy_darwin_amd64_10.30.1/azcopy",
      "url": "https://github.com/Azure/azure-storage-azcopy/releases/download/v10.30.1/azcopy_darwin_amd64_10.30.1.zip",
      "sha512": "dbc2b10cf11df3f25cb30256c653ae713012c74c0a244b4db65bb270bc5499cff4aee88fba3457a2b2efb14b6bfb64be3a511e3ea43efa44c2a5c0aa1166dfe7",
      "archive": "azcopy_darwin_amd64_10.30.1.zip"
    },
    {
      "name": "azcopy",
      "os": "osx",
      "arch": "arm64",
      "version": "10.30.1",
      "executable": "azcopy_darwin_arm64_10.30.1/azcopy",
      "url": "https://github.com/Azure/azure-storage-azcopy/releases/download/v10.30.1/azcopy_darwin_arm64_10.30.1.zip",
      "sha512": "8b4f4c694a3292bb4e55f14e9898446f38ee07a008f4dfc32c73b0dece78cc159c639afa8bfbe49a9d07a9bb456233beb2692f7a338da027207e28b42434f613",
      "archive": "azcopy_darwin_arm64_10.30.1.zip"
    },
    {
      "name": "azcopy",
      "os": "windows",
      "arch": "amd64",
      "version": "10.30.1",
      "executable": "azcopy_windows_amd64_10.30.1/azcopy.exe",
      "url": "https://github.com/Azure/azure-storage-azcopy/releases/download/v10.30.1/azcopy_windows_amd64_10.30.1.zip",
      "sha512": "9610cff24c5a0f85423892b3b9ff1b46c7c6b1b8ef27c1164298cc3cd212fc7be0d6f3fbaef42268264448f1d9cd77c39272eebccd9fb8943bbb27a4a638e4c5",
      "archive": "azcopy_windows_amd64_10.30.1.zip"
    }
  ]
}
