{
  "versions": [
    {
      "git-tree": "06697b312b624b447c7f8c4ba48e82ce6528883c",
      "version-date": "2019-07-10",
      "port-version": 3
    },
    {
      "git-tree": "0f58751b97524c749b52f3953abab3cb9e962edc",
      "version-date": "2019-07-10",
      "port-version": 2
    },
    {
      "git-tree": "74f4d685e744a09163c7bfcf502e3facc2d9bf95",
      "version-string": "2019-07-10",
      "port-version": 1
    },
    {
      "git-tree": "bf7df34f8a169dd885b019d42aa0dd2db3d97178",
      "version-string": "2019-07-10",
      "port-version": 0
    }
  ]
}
