{
  "versions": [
    {
      "git-tree": "cc506cd5c27f23c9b2f3fb1d3cfe5774c05e0364",
      "version": "20201203",
      "port-version": 3
    },
    {
      "git-tree": "a48ea12e9618f830268147a2c05fc65769182f0d",
      "version": "20201203",
      "port-version": 2
    },
    {
      "git-tree": "bd6e28e31f8b5d76a887e8b284c63596b9ffd65b",
      "version": "20201203",
      "port-version": 1
    },
    {
      "git-tree": "18761f45d66d3eae3a73891f39142bbae80460b8",
      "version-string": "20201203",
      "port-version": 0
    }
  ]
}
