{
  "versions": [
    {
      "git-tree": "1da92945b6f2d37dbf8c5e8f2c7804d7f02080fb",
      "version": "1.1.8",
      "port-version": 0
    },
    {
      "git-tree": "1e858eb1464aecbfd828e88515da6c75dc9277bd",
      "version": "1.1.5",
      "port-version": 0
    },
    {
      "git-tree": "45ab838bcba517295403cbd3d619f7cedca27346",
      "version": "1.1.2",
      "port-version": 0
    },
    {
      "git-tree": "52665bb6e7f0bbe30ffabc59521a937072ecc9e2",
      "version": "1.0.0",
      "port-version": 0
    }
  ]
}
