{
  "versions": [
    {
      "git-tree": "a7da0a5fa0b5bdb568edcbde81b314c3f7089cb0",
      "version-date": "2020-09-14",
      "port-version": 2
    },
    {
      "git-tree": "2adfb6dcd5eab92b258f45aaf4a494bed18eb687",
      "version-string": "2020-09-14",
      "port-version": 1
    },
    {
      "git-tree": "6a8b09c3639cf50beb79315f87382cbbcf377e66",
      "version-string": "2020-09-14",
      "port-version": 0
    },
    {
      "git-tree": "7c618d0a1c68a72706865de96833a01f00a6eb93",
      "version-string": "2018-07-30-2",
      "port-version": 0
    },
    {
      "git-tree": "4c7d148764b13c7cc56815d773febe64c33b09f8",
      "version-string": "2018-07-30-1",
      "port-version": 0
    },
    {
      "git-tree": "4efb1bf652deb1a8c66a01cf646b9e3e060021c6",
      "version-string": "2018-07-30",
      "port-version": 0
    },
    {
      "git-tree": "31e7c14e150fbfc8e9a05d07dd96e14cf496eae1",
      "version-string": "2017-09-02-cb5e4a86f69628-1",
      "port-version": 0
    },
    {
      "git-tree": "c072038c84e8177d36fde2a7ab3bef2bdc79ce1f",
      "version-string": "2017-09-02-cb5e4a86f69628",
      "port-version": 0
    }
  ]
}
