{
  "versions": [
    {
      "git-tree": "814a293c1a792653842cbb7e97c3fdbb8564c517",
      "version": "2.11.2",
      "port-version": 0
    },
    {
      "git-tree": "9b664c010bec11a610ed3b751494527c7f9e9636",
      "version": "2.11.0",
      "port-version": 0
    },
    {
      "git-tree": "4b96d6a06013e4d0d58af377c43728ca2e78e592",
      "version": "2.10.0",
      "port-version": 0
    },
    {
      "git-tree": "83f62f0824bba51279ec18b9e4dedfa607bc2e3b",
      "version": "2.9.2",
      "port-version": 0
    },
    {
      "git-tree": "0ef663cd26e5a6fea87578b1662e28cae9caf233",
      "version": "2.9.1",
      "port-version": 1
    },
    {
      "git-tree": "cdf7849b2344332aa6cdcbee58c03452009ec4bc",
      "version": "2.9.1",
      "port-version": 0
    },
    {
      "git-tree": "ff0bf240e106cb41da3f21fba4ab9c04aa14463f",
      "version": "2.8.0",
      "port-version": 0
    },
    {
      "git-tree": "a9415538b1b84af12b84d45fe190af822d10b5bb",
      "version": "2.7.1",
      "port-version": 0
    },
    {
      "git-tree": "7985ecf5f6874b9cf594d43d403820294529d0d3",
      "version": "2.6",
      "port-version": 0
    }
  ]
}
