{
  "versions": [
    {
      "git-tree": "76e06938007614b4fe523e37e368d7e39a40a9bc",
      "version": "3.4.1",
      "port-version": 5
    },
    {
      "git-tree": "0238546ece05d52d030eb6dd62373ae4b65d1503",
      "version": "3.4.1",
      "port-version": 4
    },
    {
      "git-tree": "5ac0952f283b1e4a700a12c0d616066b36fdeff2",
      "version": "3.4.1",
      "port-version": 3
    },
    {
      "git-tree": "f0b0d35ac8f99280de71a64494d8597f09986362",
      "version": "3.4.1",
      "port-version": 2
    },
    {
      "git-tree": "8d7ac07eb757d7a69f1df27ad7a1ef71c26957d4",
      "version": "3.4.1",
      "port-version": 1
    },
    {
      "git-tree": "c0061f3363187e8da74f252ff3c21c42e382e8c9",
      "version": "3.4.1",
      "port-version": 0
    },
    {
      "git-tree": "04e105aecf5f7805dde15ac905cacb77ffcd3225",
      "version": "3.4.0",
      "port-version": 0
    },
    {
      "git-tree": "a1a12dbb8647dbc12381aa63fe0c66c48e2b4b31",
      "version": "3.0.1",
      "port-version": 0
    }
  ]
}
