{
  "name": "boost-locale",
  "version": "1.78.0",
  "description": "Boost locale module",
  "homepage": "https://github.com/boostorg/locale",
  "supports": "!uwp",
  "dependencies": [
    "boost-assert",
    {
      "name": "boost-build",
      "host": true
    },
    "boost-config",
    "boost-function",
    "boost-iterator",
    {
      "name": "boost-modular-build-helper",
      "host": true
    },
    "boost-smart-ptr",
    "boost-static-assert",
    "boost-thread",
    "boost-type-traits",
    "boost-unordered",
    "boost-vcpkg-helpers",
    {
      "name": "libiconv",
      "platform": "!uwp & !windows & !mingw"
    },
    {
      "name": "vcpkg-cmake",
      "host": true
    }
  ],
  "features": {
    "icu": {
      "description": "ICU backend for Boost.Locale",
      "dependencies": [
        "icu"
      ]
    }
  }
}
