{
  "$comment": "Automatically generated by scripts/boost/generate-ports.ps1",
  "name": "boost-random",
  "version": "1.85.0",
  "port-version": 1,
  "description": "Boost random module",
  "homepage": "https://www.boost.org/libs/random",
  "license": "BSL-1.0",
  "supports": "!uwp",
  "dependencies": [
    {
      "name": "boost-array",
      "version>=": "1.85.0"
    },
    {
      "name": "boost-assert",
      "version>=": "1.85.0"
    },
    {
      "name": "boost-cmake",
      "version>=": "1.85.0"
    },
    {
      "name": "boost-config",
      "version>=": "1.85.0"
    },
    {
      "name": "boost-core",
      "version>=": "1.85.0"
    },
    {
      "name": "boost-dynamic-bitset",
      "version>=": "1.85.0"
    },
    {
      "name": "boost-headers",
      "version>=": "1.85.0"
    },
    {
      "name": "boost-integer",
      "version>=": "1.85.0"
    },
    {
      "name": "boost-io",
      "version>=": "1.85.0"
    },
    {
      "name": "boost-range",
      "version>=": "1.85.0"
    },
    {
      "name": "boost-static-assert",
      "version>=": "1.85.0"
    },
    {
      "name": "boost-system",
      "version>=": "1.85.0"
    },
    {
      "name": "boost-throw-exception",
      "version>=": "1.85.0"
    },
    {
      "name": "boost-type-traits",
      "version>=": "1.85.0"
    },
    {
      "name": "boost-utility",
      "version>=": "1.85.0"
    }
  ]
}
