{
  "versions": [
    {
      "git-tree": "5b90b442f723c3dbf6748f1508c657ea0e5ef9cc",
      "version-semver": "20.65.0",
      "port-version": 0
    },
    {
      "git-tree": "ccb96723a6350902ed36acc11fc42d1125dd52e7",
      "version-semver": "20.62.0",
      "port-version": 0
    },
    {
      "git-tree": "e2f6c87764b59647fb64764dd5fd4a5170d7c33e",
      "version-semver": "20.60.0",
      "port-version": 0
    },
    {
      "git-tree": "f0c8d8d1a24ee84dbc3572df5053654773c7b113",
      "version-semver": "20.59.0",
      "port-version": 0
    },
    {
      "git-tree": "045e5a648de127461ada21b72d56b8c9ce6e8886",
      "version-semver": "20.57.0",
      "port-version": 0
    },
    {
      "git-tree": "e2d1e526ceac2a64d35063ef42990b83fb43e80e",
      "version-semver": "20.54.0",
      "port-version": 0
    },
    {
      "git-tree": "accbc9586fca80fd1345c5f2f3cf8449c76dcb24",
      "version-semver": "20.47.0",
      "port-version": 0
    },
    {
      "git-tree": "db7e8088e0a542c51cea89ed081e8bcae6baec8c",
      "version-semver": "20.45.0",
      "port-version": 0
    },
    {
      "git-tree": "53155ed92665dafb62c89bcc7bb9722fd5875316",
      "version-semver": "20.44.0",
      "port-version": 0
    },
    {
      "git-tree": "0b0f3943b2e6e8260c638dc75c430d4975b87999",
      "version-semver": "20.41.0",
      "port-version": 0
    },
    {
      "git-tree": "93461a35ff4e9611909379c0e64a1b22213a1c57",
      "version-semver": "20.40.0",
      "port-version": 0
    },
    {
      "git-tree": "4d9dadfe2a7ad5ed25314c0511325f05c20702fc",
      "version-semver": "20.36.0",
      "port-version": 0
    },
    {
      "git-tree": "142ccb5f9cf300ad96083aff0dbd89fbeaf11a3d",
      "version-semver": "20.34.0",
      "port-version": 0
    },
    {
      "git-tree": "27ac7131fa8bf4234ccf6e2e7b44339dbc8ddf53",
      "version-semver": "20.31.0",
      "port-version": 0
    },
    {
      "git-tree": "0c93531ffc2da219f4a802af8f4892845550a350",
      "version-semver": "20.30.0",
      "port-version": 0
    },
    {
      "git-tree": "f25a78232935faad44896203386f3c282301805a",
      "version-semver": "20.14.0",
      "port-version": 0
    },
    {
      "git-tree": "5b1e062e56cf8ea0bdfe07414a11791e62c964fe",
      "version-semver": "20.11.0",
      "port-version": 0
    },
    {
      "git-tree": "bbc3058932f01e905d7cf4129e55da10496f8374",
      "version-semver": "20.9.0",
      "port-version": 0
    },
    {
      "git-tree": "8a874bc8213f0b0a2e96710cce72f6e7d344ffac",
      "version-semver": "20.8.0",
      "port-version": 0
    },
    {
      "git-tree": "3b0511c1faa806578f8dc21cc3ac881db3f30aae",
      "version-semver": "20.6.0",
      "port-version": 0
    },
    {
      "git-tree": "e66651f28bc4bcd5edb5360e96f42ad666076d6b",
      "version-semver": "20.5.0",
      "port-version": 0
    },
    {
      "git-tree": "3a4914dce094328bc8cf2040025268c96f10fc30",
      "version": "19.9.0",
      "port-version": 0
    },
    {
      "git-tree": "2f80ce22f9718454ab35607c0a65138b65c06fe7",
      "version": "19.5.0",
      "port-version": 0
    },
    {
      "git-tree": "b01131e5a07feb1613415677213d377995bfdc40",
      "version": "19.2.0",
      "port-version": 0
    },
    {
      "git-tree": "14d375b4fa04de7a59640094779695634e19569a",
      "version": "19.0.0.5",
      "port-version": 0
    },
    {
      "git-tree": "6d67d8f414f4789cfa069992488834f5c79fd9e6",
      "version": "19.0.0",
      "port-version": 0
    },
    {
      "git-tree": "ac495f3a5f075ad4d93f1b627095e4dae7a4c517",
      "version-string": "18.13.0",
      "port-version": 0
    },
    {
      "git-tree": "a310a5de44a417623e7afed31bab6e01887cee04",
      "version-string": "18.1.0",
      "port-version": 0
    },
    {
      "git-tree": "dfbf505aa6e0ab7a1b6fcd8d1f906fa3ce5de168",
      "version-string": "0.17.2",
      "port-version": 0
    },
    {
      "git-tree": "31690049a4f739ed00b31b1966af67011bc3577f",
      "version-string": "0.17.1",
      "port-version": 0
    },
    {
      "git-tree": "931935c748775314fdb4f10c2e7f04cfaa387dcf",
      "version-string": "0.17.0a4",
      "port-version": 0
    },
    {
      "git-tree": "0b3cdb75c1acbb69c5aba75f1c21da582895aa01",
      "version-string": "0.16.5",
      "port-version": 0
    },
    {
      "git-tree": "e16889160563f63d0df0be76618401e5f7d95eff",
      "version-string": "0.15.7",
      "port-version": 0
    },
    {
      "git-tree": "e0da883b380e732013d371d31a05e69a9e8050b3",
      "version-string": "0.15.6",
      "port-version": 0
    },
    {
      "git-tree": "06d6722fe506c02c6a5f40bc297a5fcc03af70ac",
      "version-string": "0.14.8-2",
      "port-version": 0
    },
    {
      "git-tree": "c902e3467333ed832fc8a0af842d8b9959a7dca0",
      "version-string": "0.14.8-1",
      "port-version": 0
    },
    {
      "git-tree": "5043ece96c0b36dd5c00c16a5162d557982c4769",
      "version-string": "0.14.7-1",
      "port-version": 0
    },
    {
      "git-tree": "14c0cb3950291eb2f6508ef510bcac8d1933069e",
      "version-string": "0.14.6-1",
      "port-version": 0
    },
    {
      "git-tree": "ab7a6cb5fdbc9cc31fb68004991c760f130189e9",
      "version-string": "0.14.5-1",
      "port-version": 0
    },
    {
      "git-tree": "08ed77b02323f5487eedb3bc602b3ca9b58ff3bd",
      "version-string": "0.14.4-1",
      "port-version": 0
    },
    {
      "git-tree": "8034fc9856c548dccf9720eadf74f57b8ac6f584",
      "version-string": "0.14.4",
      "port-version": 0
    },
    {
      "git-tree": "7d94d32ce3fdb453f81f121d7d6373e4c541d65b",
      "version-string": "0.14.3",
      "port-version": 0
    },
    {
      "git-tree": "cef7419a11e080f05329355c10df27ffb0411eb0",
      "version-string": "0.14.2",
      "port-version": 0
    },
    {
      "git-tree": "2d405891816e761238c01484f80f78df3cfcc34b",
      "version-string": "0.14.1",
      "port-version": 0
    },
    {
      "git-tree": "b795f24351bd58f1a1ab09f5ad7a9659f5d9ca61",
      "version-string": "0.14.0alpha5",
      "port-version": 0
    },
    {
      "git-tree": "b646316f1dd25d839c7bd04899dae5eda60e4eac",
      "version-string": "0.13.0-2",
      "port-version": 0
    },
    {
      "git-tree": "86113ed7669c9b2442ed1edee66c97833c4b185b",
      "version-string": "0.13.0-1",
      "port-version": 0
    },
    {
      "git-tree": "0de1e1df58df0d58ae061f3dc1b50b092d1345bc",
      "version-string": "0.12.0",
      "port-version": 0
    }
  ]
}
