{
  "name": "arpack-ng",
  "version": "3.9.1",
  "description": "ARPACK-NG is a collection of Fortran77 subroutines designed to solve large scale eigenvalue problems.",
  "homepage": "https://github.com/opencollab/arpack-ng",
  "license": "BSD-3-Clause",
  "supports": "!uwp",
  "dependencies": [
    "blas",
    "lapack",
    {
      "name": "vcpkg-cmake",
      "host": true
    },
    {
      "name": "vcpkg-cmake-config",
      "host": true
    },
    {
      "name": "vcpkg-gfortran",
      "platform": "windows"
    }
  ]
}
