{
  "name": "boost-type-erasure",
  "version": "1.79.0",
  "description": "Boost type_erasure module",
  "homepage": "https://github.com/boostorg/type_erasure",
  "license": "BSL-1.0",
  "dependencies": [
    "boost-assert",
    {
      "name": "boost-build",
      "host": true
    },
    "boost-config",
    "boost-core",
    "boost-fusion",
    "boost-iterator",
    {
      "name": "boost-modular-build-helper",
      "host": true
    },
    "boost-mp11",
    "boost-mpl",
    "boost-preprocessor",
    "boost-smart-ptr",
    "boost-thread",
    "boost-throw-exception",
    "boost-type-traits",
    "boost-typeof",
    "boost-vcpkg-helpers",
    "boost-vmd",
    {
      "name": "vcpkg-cmake",
      "host": true
    }
  ]
}
