{
  "$comment": "Automatically generated by scripts/boost/generate-ports.ps1",
  "name": "boost-math",
  "version": "1.85.0",
  "port-version": 2,
  "description": "Boost math module",
  "homepage": "https://www.boost.org/libs/math",
  "license": "BSL-1.0",
  "dependencies": [
    {
      "name": "boost-assert",
      "version>=": "1.85.0"
    },
    {
      "name": "boost-cmake",
      "version>=": "1.85.0"
    },
    {
      "name": "boost-concept-check",
      "version>=": "1.85.0"
    },
    {
      "name": "boost-config",
      "version>=": "1.85.0"
    },
    {
      "name": "boost-core",
      "version>=": "1.85.0"
    },
    {
      "name": "boost-headers",
      "version>=": "1.85.0"
    },
    {
      "name": "boost-integer",
      "version>=": "1.85.0"
    },
    {
      "name": "boost-lexical-cast",
      "version>=": "1.85.0"
    },
    {
      "name": "boost-predef",
      "version>=": "1.85.0"
    },
    {
      "name": "boost-random",
      "platform": "!uwp",
      "version>=": "1.85.0"
    },
    {
      "name": "boost-static-assert",
      "version>=": "1.85.0"
    },
    {
      "name": "boost-throw-exception",
      "version>=": "1.85.0"
    }
  ],
  "features": {
    "legacy": {
      "description": "Build the legacy C99 and TR1 libraries"
    }
  }
}
