{
  "name": "azure-iot-sdk-c",
  "version-date": "2022-01-21",
  "port-version": 2,
  "description": "A C99 SDK for connecting devices to Microsoft Azure IoT services",
  "homepage": "https://github.com/Azure/azure-iot-sdk-c",
  "license": "MIT",
  "dependencies": [
    "azure-c-shared-utility",
    "azure-macro-utils-c",
    "azure-uamqp-c",
    "azure-uhttp-c",
    "azure-umqtt-c",
    "parson",
    "umock-c",
    {
      "name": "vcpkg-cmake",
      "host": true
    },
    {
      "name": "vcpkg-cmake-config",
      "host": true
    }
  ],
  "features": {
    "public-preview": {
      "description": "A version of the azure-iot-sdk-c containing public-preview features.",
      "dependencies": [
        {
          "name": "azure-c-shared-utility",
          "features": [
            "public-preview"
          ]
        },
        {
          "name": "azure-macro-utils-c",
          "features": [
            "public-preview"
          ]
        },
        {
          "name": "azure-uamqp-c",
          "features": [
            "public-preview"
          ]
        },
        {
          "name": "azure-uhttp-c",
          "features": [
            "public-preview"
          ]
        },
        {
          "name": "azure-umqtt-c",
          "features": [
            "public-preview"
          ]
        },
        {
          "name": "umock-c",
          "features": [
            "public-preview"
          ]
        }
      ]
    },
    "use-prov-client": {
      "description": "Enables device provisioning client for DPS"
    }
  }
}
