{
  "$comment": "Automatically generated by scripts/boost/generate-ports.ps1",
  "name": "boost-fusion",
  "version": "1.82.0",
  "port-version": 2,
  "description": "Boost fusion module",
  "homepage": "https://github.com/boostorg/fusion",
  "license": "BSL-1.0",
  "dependencies": [
    {
      "name": "boost-config",
      "version>=": "1.82.0"
    },
    {
      "name": "boost-container-hash",
      "version>=": "1.82.0"
    },
    {
      "name": "boost-core",
      "version>=": "1.82.0"
    },
    {
      "name": "boost-function-types",
      "version>=": "1.82.0"
    },
    {
      "name": "boost-functional",
      "version>=": "1.82.0"
    },
    {
      "name": "boost-mpl",
      "version>=": "1.82.0"
    },
    {
      "name": "boost-preprocessor",
      "version>=": "1.82.0"
    },
    {
      "name": "boost-static-assert",
      "version>=": "1.82.0"
    },
    {
      "name": "boost-tuple",
      "version>=": "1.82.0"
    },
    {
      "name": "boost-type-traits",
      "version>=": "1.82.0"
    },
    {
      "name": "boost-typeof",
      "version>=": "1.82.0"
    },
    {
      "name": "boost-utility",
      "version>=": "1.82.0"
    },
    {
      "name": "boost-vcpkg-helpers",
      "version>=": "1.82.0"
    }
  ]
}
