{
  "name": "aws-crt-cpp",
  "version": "0.15.1",
  "port-version": 3,
  "description": "Cross-Platform HW accelerated CRC32c and CRC32 with fallback to efficient SW implementations.",
  "homepage": "https://github.com/awslabs/aws-crt-cpp",
  "supports": "!(windows & arm) & !uwp",
  "dependencies": [
    "aws-c-auth",
    "aws-c-cal",
    "aws-c-common",
    "aws-c-compression",
    "aws-c-event-stream",
    "aws-c-http",
    "aws-c-io",
    "aws-c-mqtt",
    "aws-c-s3",
    "aws-checksums",
    {
      "name": "s2n",
      "platform": "!uwp & !windows"
    },
    {
      "name": "vcpkg-cmake",
      "host": true
    },
    {
      "name": "vcpkg-cmake-config",
      "host": true
    }
  ]
}
