{
  "name": "aws-c-io",
  "version": "0.13.27",
  "description": "Handles all IO and TLS work for application protocols.",
  "homepage": "https://github.com/awslabs/aws-c-io",
  "license": "Apache-2.0",
  "supports": "!(windows & arm) & !uwp",
  "dependencies": [
    "aws-c-cal",
    "aws-c-common",
    {
      "name": "s2n",
      "platform": "!uwp & !windows"
    },
    {
      "name": "vcpkg-cmake",
      "host": true
    },
    {
      "name": "vcpkg-cmake-config",
      "host": true
    }
  ]
}
