{
  "name": "boost-property-map-parallel",
  "version": "1.80.0",
  "description": "Boost property_map_parallel module",
  "homepage": "https://github.com/boostorg/property_map_parallel",
  "license": "BSL-1.0",
  "dependencies": [
    "boost-assert",
    "boost-concept-check",
    "boost-config",
    "boost-function",
    {
      "name": "boost-mpi",
      "platform": "!uwp"
    },
    "boost-mpl",
    "boost-multi-index",
    "boost-optional",
    "boost-property-map",
    "boost-serialization",
    "boost-smart-ptr",
    "boost-static-assert",
    "boost-type-traits",
    "boost-vcpkg-helpers"
  ]
}
