{
  "$comment": "Automatically generated by scripts/boost/generate-ports.ps1",
  "name": "boost-hana",
  "version": "1.82.0",
  "port-version": 2,
  "description": "Boost hana module",
  "homepage": "https://github.com/boostorg/hana",
  "license": "BSL-1.0",
  "dependencies": [
    {
      "name": "boost-config",
      "version>=": "1.82.0"
    },
    {
      "name": "boost-core",
      "version>=": "1.82.0"
    },
    {
      "name": "boost-fusion",
      "version>=": "1.82.0"
    },
    {
      "name": "boost-mpl",
      "version>=": "1.82.0"
    },
    {
      "name": "boost-tuple",
      "version>=": "1.82.0"
    },
    {
      "name": "boost-vcpkg-helpers",
      "version>=": "1.82.0"
    }
  ]
}
