{
  "name": "boost-spirit",
  "version": "1.79.0",
  "description": "Boost spirit module",
  "homepage": "https://github.com/boostorg/spirit",
  "license": "BSL-1.0",
  "dependencies": [
    "boost-array",
    "boost-assert",
    "boost-config",
    "boost-core",
    "boost-endian",
    "boost-function",
    "boost-function-types",
    "boost-fusion",
    "boost-integer",
    "boost-io",
    "boost-iterator",
    "boost-move",
    "boost-mpl",
    "boost-optional",
    "boost-phoenix",
    "boost-pool",
    "boost-preprocessor",
    "boost-proto",
    "boost-range",
    "boost-regex",
    "boost-smart-ptr",
    "boost-static-assert",
    "boost-thread",
    "boost-throw-exception",
    "boost-type-traits",
    "boost-typeof",
    "boost-unordered",
    "boost-utility",
    "boost-variant",
    "boost-vcpkg-helpers"
  ]
}
