{
  "$comment": "Automatically generated by scripts/boost/generate-ports.ps1",
  "name": "boost-histogram",
  "version": "1.83.0",
  "description": "Boost histogram module",
  "homepage": "https://github.com/boostorg/histogram",
  "license": "BSL-1.0",
  "dependencies": [
    {
      "name": "boost-config",
      "version>=": "1.83.0"
    },
    {
      "name": "boost-core",
      "version>=": "1.83.0"
    },
    {
      "name": "boost-math",
      "version>=": "1.83.0"
    },
    {
      "name": "boost-mp11",
      "version>=": "1.83.0"
    },
    {
      "name": "boost-serialization",
      "version>=": "1.83.0"
    },
    {
      "name": "boost-throw-exception",
      "version>=": "1.83.0"
    },
    {
      "name": "boost-variant2",
      "version>=": "1.83.0"
    },
    {
      "name": "boost-vcpkg-helpers",
      "version>=": "1.83.0"
    }
  ]
}
