{
  "$comment": "Automatically generated by scripts/boost/generate-ports.ps1",
  "name": "boost-variant",
  "version": "1.83.0",
  "description": "Boost variant module",
  "homepage": "https://github.com/boostorg/variant",
  "license": "BSL-1.0",
  "dependencies": [
    {
      "name": "boost-assert",
      "version>=": "1.83.0"
    },
    {
      "name": "boost-bind",
      "version>=": "1.83.0"
    },
    {
      "name": "boost-config",
      "version>=": "1.83.0"
    },
    {
      "name": "boost-container-hash",
      "version>=": "1.83.0"
    },
    {
      "name": "boost-core",
      "version>=": "1.83.0"
    },
    {
      "name": "boost-detail",
      "version>=": "1.83.0"
    },
    {
      "name": "boost-integer",
      "version>=": "1.83.0"
    },
    {
      "name": "boost-move",
      "version>=": "1.83.0"
    },
    {
      "name": "boost-mpl",
      "version>=": "1.83.0"
    },
    {
      "name": "boost-preprocessor",
      "version>=": "1.83.0"
    },
    {
      "name": "boost-static-assert",
      "version>=": "1.83.0"
    },
    {
      "name": "boost-throw-exception",
      "version>=": "1.83.0"
    },
    {
      "name": "boost-type-index",
      "version>=": "1.83.0"
    },
    {
      "name": "boost-type-traits",
      "version>=": "1.83.0"
    },
    {
      "name": "boost-utility",
      "version>=": "1.83.0"
    },
    {
      "name": "boost-vcpkg-helpers",
      "version>=": "1.83.0"
    }
  ]
}
