{
  "versions": [
    {
      "git-tree": "d7d03d82f8c42466bcd155b94e0dcefa79763931",
      "version": "1.0.0",
      "port-version": 6
    },
    {
      "git-tree": "6edb146db254b1cec192c12f335bef0e54455770",
      "version": "1.0.0",
      "port-version": 5
    },
    {
      "git-tree": "8751b5a093ee68d0273600efc1ecfcd23056aa47",
      "version-string": "1.0.0",
      "port-version": 4
    },
    {
      "git-tree": "db05d34018ddbbfb24d06d2f5afcd51f1def0820",
      "version-string": "1.0.0-3",
      "port-version": 0
    },
    {
      "git-tree": "99b7d6e2fa73fd4eb28d9001148a44a40183206a",
      "version-string": "1.0.0-2",
      "port-version": 0
    },
    {
      "git-tree": "3490da61454df8c322103829ddf1d8ed824d6468",
      "version-string": "1.0.0-1",
      "port-version": 0
    },
    {
      "git-tree": "b3556cad0c2075723f26a31c4ba2d297626654dc",
      "version-string": "1.0.0",
      "port-version": 0
    }
  ]
}
