{
  "versions": [
    {
      "git-tree": "79e96edfb7080c333ea382f2b813d2ccf4469bc8",
      "version": "2.0.26100.5312",
      "port-version": 0
    },
    {
      "git-tree": "c84f9f50fb3afc88061a42570737436b2781d4ed",
      "version": "1.2.26100.4782",
      "port-version": 0
    },
    {
      "git-tree": "33f69cbe9e517eeebafc8b4dbb001e24f338df45",
      "version": "1.0.26100.3987",
      "port-version": 0
    },
    {
      "git-tree": "b71fb62174fb92b8fe4fa6a87311d202349bee72",
      "version": "0.2303.22621.3038",
      "port-version": 0
    }
  ]
}
