{
  "versions": [
    {
      "git-tree": "01fee04f8e319ca752ed7b3acaecbba081cd4773",
      "version-date": "2024-11-03",
      "port-version": 0
    },
    {
      "git-tree": "323865bad084941748ff0e99a25d7ef090d765f4",
      "version-date": "2023-02-17",
      "port-version": 0
    },
    {
      "git-tree": "e3e4e44965a910829b7c5872bec340826e2c4559",
      "version-date": "2019-08-04",
      "port-version": 2
    },
    {
      "git-tree": "9cce82b2b2013b0ccc2b2f3e827cd5911f9a473d",
      "version-string": "2019-08-04",
      "port-version": 1
    },
    {
      "git-tree": "521b395417590d5aa1cc0fa06cef081c5b14fc96",
      "version-string": "2019-08-04",
      "port-version": 0
    }
  ]
}
