{
  "versions": [
    {
      "git-tree": "bf7b1a3b9eab1aa4a1ba0fc818a84dcc889d01cb",
      "version": "11.15.1",
      "port-version": 0
    },
    {
      "git-tree": "c5ff2241343daba9b2e89620fc5502104b459476",
      "version-date": "2022-01-20",
      "port-version": 5
    },
    {
      "git-tree": "b1f5088e196340aad31ea3700aceae72df1407ae",
      "version-date": "2022-01-20",
      "port-version": 4
    },
    {
      "git-tree": "094ba2b47c08f30d45b33081f8b2b3790b2ec070",
      "version-date": "2022-01-20",
      "port-version": 3
    },
    {
      "git-tree": "324403bb31aad7705e0f444e9c49f2b11417b9b0",
      "version-date": "2022-01-20",
      "port-version": 2
    },
    {
      "git-tree": "702a7de5c38ff156813a73a32eac6c7ca73248e4",
      "version-date": "2022-01-20",
      "port-version": 1
    },
    {
      "git-tree": "983e90284c8c0073e0193750a412eb4df01accdc",
      "version-date": "2022-01-20",
      "port-version": 0
    }
  ]
}
