{
  "versions": [
    {
      "git-tree": "31b00a1043898e49c04087100294c10d37094e8d",
      "version-date": "2017-10-14",
      "port-version": 6
    },
    {
      "git-tree": "2e68f17377612bdb5d084079d8d1376f696bb4a6",
      "version-date": "2017-10-14",
      "port-version": 5
    },
    {
      "git-tree": "c39979379abaf1ecee42cbae6e83d68cfb201f13",
      "version-string": "2017-10-14",
      "port-version": 4
    },
    {
      "git-tree": "893c7107fc161346544c8b75340cb64e6b850798",
      "version-string": "2017-10-14-3",
      "port-version": 0
    },
    {
      "git-tree": "48e80b4d2fa9382e7c27de36261ab6010aced7bd",
      "version-string": "2017-10-14-2",
      "port-version": 0
    },
    {
      "git-tree": "a6b05006fb0181526d907df595491f0eed5a745e",
      "version-string": "2017-10-14-1",
      "port-version": 0
    }
  ]
}
