{
  "versions": [
    {
      "git-tree": "b0886c7ed93e3c417747633a5a32b2d1898af447",
      "version-semver": "1.9.0",
      "port-version": 0
    },
    {
      "git-tree": "f40f0d719c04549720682c6481f5e4f8996aeae4",
      "version-semver": "1.8.0",
      "port-version": 0
    },
    {
      "git-tree": "5bb942245eec037ad042ba29ec426573031513e7",
      "version-semver": "1.7.0",
      "port-version": 0
    },
    {
      "git-tree": "09962781615d028b2b96be5aef56b0590fd7b54f",
      "version-semver": "1.6.0",
      "port-version": 0
    },
    {
      "git-tree": "779490458d51f75bc22ed324afceffe0c3b0ee12",
      "version-semver": "1.4.0",
      "port-version": 2
    },
    {
      "git-tree": "8b8d35300c7b2bd3efcd7e645579df0a9e67d86d",
      "version-semver": "1.4.0",
      "port-version": 1
    },
    {
      "git-tree": "da56f7ca349bebb4061a04d4d3b3d9b8fde9a1c8",
      "version-semver": "1.4.0",
      "port-version": 0
    },
    {
      "git-tree": "b204eef5f779c05c2160e28cc07f411258ddcbfc",
      "version-semver": "1.3.0",
      "port-version": 0
    }
  ]
}
