{
  "versions": [
    {
      "git-tree": "c3b9e3dbc3c508699816a7723c720428a478b364",
      "version-date": "2025-07-06",
      "port-version": 0
    },
    {
      "git-tree": "ad20fb84d82834d6de1f5bdf45851eeadd1c01e6",
      "version-date": "2023-03-27",
      "port-version": 0
    },
    {
      "git-tree": "7f9c6f0e711860da19899fbe78e027d0a5e8cfc1",
      "version-date": "2022-07-27",
      "port-version": 2
    },
    {
      "git-tree": "be7b5aca0025910c7dbbc260564bf7d56ada1a3c",
      "version-date": "2022-07-27",
      "port-version": 1
    },
    {
      "git-tree": "1f3a1ab0a9e1fe871e03b766ea7dbf8b10f54658",
      "version-date": "2022-07-27",
      "port-version": 0
    }
  ]
}
