{
  "versions": [
    {
      "git-tree": "8d6c1e2f8d051288fce26c9294a15c89f3a56c3b",
      "version": "2.80.1",
      "port-version": 1
    },
    {
      "git-tree": "a25c0ff9ecf2824710c645d6b236f10341ab68e6",
      "version": "2.80.1",
      "port-version": 0
    },
    {
      "git-tree": "05b0a2d69b2ddb67eef2f6922dfb06c47c3b33d1",
      "version": "2.78.1",
      "port-version": 0
    },
    {
      "git-tree": "d8a2235a74e6c215246a3ade8ad3248b7e04e439",
      "version": "2.76.0",
      "port-version": 1
    },
    {
      "git-tree": "16125400e378b3a45ff56a2f26573d9312ead0d1",
      "version": "2.76.0",
      "port-version": 0
    },
    {
      "git-tree": "d633ca7a15a77e20cdf515ba74448d59f4e49021",
      "version": "2.74.0",
      "port-version": 0
    },
    {
      "git-tree": "75f0e8e579c069e71bdb773c9e741fc7182e0379",
      "version": "2.70.0",
      "port-version": 1
    },
    {
      "git-tree": "d485de58180f1755b67cb2b829c7c73e4dfae13a",
      "version": "2.70.0",
      "port-version": 0
    },
    {
      "git-tree": "dd76481f04a2d3747dcd2c5eef0333ce5c6d61e5",
      "version": "2.68.1",
      "port-version": 2
    },
    {
      "git-tree": "f0db0bb27bb35a57f5d72b56f5d080545dde76ba",
      "version": "2.68.1",
      "port-version": 1
    },
    {
      "git-tree": "e43bb60b861fbd9469297581a968e3a647537b4d",
      "version": "2.68.1",
      "port-version": 0
    },
    {
      "git-tree": "6074f2bdadef39758cbfc1238b03dc5051bf774d",
      "version": "2.68.0",
      "port-version": 0
    },
    {
      "git-tree": "14ee726ce8905eca50e9cc6d5a478d9401c5954e",
      "version-string": "2.52.1",
      "port-version": 14
    },
    {
      "git-tree": "abc38a94621d26d81c09daffddbb61458d60899d",
      "version-string": "2.52.1",
      "port-version": 13
    },
    {
      "git-tree": "a689656051e237b360fd108fc13d91951ecbc8b4",
      "version-string": "2.52.1",
      "port-version": 12
    },
    {
      "git-tree": "32ba5fe5eff5992b6565d5f48da73c815038a68b",
      "version-string": "2.52.1-11",
      "port-version": 0
    },
    {
      "git-tree": "0f683e998ef55bf2406e0d81a212a4bb6684f17e",
      "version-string": "2.52.1-10",
      "port-version": 0
    },
    {
      "git-tree": "76ba0437d836722da9ef44c99b616f7cfd743fc5",
      "version-string": "2.52.1-9",
      "port-version": 0
    },
    {
      "git-tree": "3493ffee69d8c1013ad8907ecff4c53df8062cb9",
      "version-string": "2.52.1-8",
      "port-version": 0
    },
    {
      "git-tree": "fc14768059bee43d287242a08cb09323dd5851c6",
      "version-string": "2.52.1-7",
      "port-version": 0
    },
    {
      "git-tree": "d9cd46a14a3ca6557fba4f5be48ee8636b8c1167",
      "version-string": "2.52.1",
      "port-version": 0
    }
  ]
}
