{
  "versions": [
    {
      "git-tree": "b3f5409a56a83d3c2ca136fd862f7813f625e916",
      "version": "4.14.0",
      "port-version": 0
    },
    {
      "git-tree": "384b05a368a9a17090ac594119f80717dc9c427c",
      "version": "4.13.1",
      "port-version": 1
    },
    {
      "git-tree": "331cdfb9f22e883d088bab70f556e6d424ca61b5",
      "version": "4.13.1",
      "port-version": 0
    },
    {
      "git-tree": "b32cf3fd3185169073c2aa58a2758fa7fe153808",
      "version": "4.12.2",
      "port-version": 1
    },
    {
      "git-tree": "d97f6df221dfe46e532d3f9d27c4dbd3bbdac0ea",
      "version": "4.12.2",
      "port-version": 0
    },
    {
      "git-tree": "4b2ce12dd16815e31348c4dba93b40ec10e815f3",
      "version": "4.11.1",
      "port-version": 0
    },
    {
      "git-tree": "d01377e2003c3ea5ef7a6b9fb215a086e5f75eed",
      "version": "4.9.0",
      "port-version": 0
    }
  ]
}
