{
  "versions": [
    {
      "git-tree": "ea77d8c01f088c46520c98ec3682c93148150b80",
      "version": "1.82.0",
      "port-version": 1
    },
    {
      "git-tree": "2998d48a8661410527703c06b125d198ebb19411",
      "version": "1.82.0",
      "port-version": 0
    },
    {
      "git-tree": "3be3499cb5b2d9b4d476bd49375255bb02c8f426",
      "version": "1.72.0",
      "port-version": 9
    },
    {
      "git-tree": "a79249743886d0325fa6ba7dea173c6d3a7b6d40",
      "version": "1.72.0",
      "port-version": 8
    },
    {
      "git-tree": "9d0cfb4e7056136db4c9def1e64b88b7417dc0e8",
      "version": "1.72.0",
      "port-version": 7
    },
    {
      "git-tree": "aa7163808411a8ff5641022957909a6d681cea69",
      "version": "1.72.0",
      "port-version": 6
    },
    {
      "git-tree": "a697a0e2fa6d441dc5008a6d128a9a8f3e2440ab",
      "version": "1.72.0",
      "port-version": 5
    },
    {
      "git-tree": "097d9982b8667ff8d67107e9de262d3900e59631",
      "version": "1.72.0",
      "port-version": 4
    },
    {
      "git-tree": "47ab422de57e980b1294daf095a942d3ea36ae98",
      "version": "1.72.0",
      "port-version": 3
    },
    {
      "git-tree": "1c57bf1b1ead704fc0899cb496732c42e5330cc4",
      "version": "1.72.0",
      "port-version": 2
    },
    {
      "git-tree": "a74d57d679dac22f5b60c5b7da97cad7ecb3d0fb",
      "version": "1.72.0",
      "port-version": 1
    },
    {
      "git-tree": "7af27cca9283357e5b7447e5a1c6583afc50c793",
      "version": "1.72.0",
      "port-version": 0
    },
    {
      "git-tree": "a39c3bd1142fd69e6dba29cf3bd4c7e93b049406",
      "version": "1.70.0",
      "port-version": 1
    },
    {
      "git-tree": "5f162cfae947901b4110ea23cb5163699a079cfe",
      "version": "1.70.0",
      "port-version": 0
    }
  ]
}
