{
  "versions": [
    {
      "git-tree": "d5c53333d7745d56f06cb3e014c7c424a66ef4a7",
      "version": "3.3",
      "port-version": 0
    },
    {
      "git-tree": "ce0c8faaa002c19f8d96a64d4929439cab4570f2",
      "version": "3.1",
      "port-version": 7
    },
    {
      "git-tree": "590e19515bff5b0abc6d9f73ba20a19a71555a32",
      "version": "3.1",
      "port-version": 6
    },
    {
      "git-tree": "c1dc7145f2a0607798bfdaede7bf064b88e908ac",
      "version": "3.1",
      "port-version": 5
    },
    {
      "git-tree": "2fd0763af6d1af5d123d81c77fe9062d33b3e918",
      "version": "3.1",
      "port-version": 4
    },
    {
      "git-tree": "15455ef99f1ce92d079d047e90fc486c098c6b18",
      "version": "3.1",
      "port-version": 3
    },
    {
      "git-tree": "b8854df263b141671e3463bb19ca258cf0c641d2",
      "version-string": "3.1",
      "port-version": 2
    },
    {
      "git-tree": "a88953c10ae0ac1312b9bf79bf0bc4feaaf124fc",
      "version-string": "3.1-1",
      "port-version": 0
    }
  ]
}
