{
  "versions": [
    {
      "git-tree": "694065b241970f49ea673268b3a6dd4bf9f6d949",
      "version": "3.24.43",
      "port-version": 2
    },
    {
      "git-tree": "cfa24f84e35e0408a769693413b6539178a81bb5",
      "version": "3.24.43",
      "port-version": 1
    },
    {
      "git-tree": "58162a3fa851d5634818c1e4c86980882a8a80d3",
      "version": "3.24.43",
      "port-version": 0
    },
    {
      "git-tree": "f26f170ffcbb0ef113b90d3e8c5628bb489c103f",
      "version": "3.24.38",
      "port-version": 2
    },
    {
      "git-tree": "1362bb3978886e043fd12c089f2c1337a4f1adf8",
      "version": "3.24.38",
      "port-version": 1
    },
    {
      "git-tree": "63636acf7b77eead112fc9faa84680d1df97acd3",
      "version": "3.24.38",
      "port-version": 0
    },
    {
      "git-tree": "f4e197166d448971a8856734debc428f05b456cb",
      "version": "3.24.37",
      "port-version": 0
    },
    {
      "git-tree": "93a006967f4d1c6e3ce8409cd1a134f81c2b1288",
      "version": "3.24.36",
      "port-version": 0
    },
    {
      "git-tree": "0c25a1f1fc2d3f166ea007a97b845fb85769588e",
      "version": "3.24.34",
      "port-version": 2
    },
    {
      "git-tree": "dfc90d235f5a782299be10c4ce655ce95622b3a2",
      "version": "3.24.34",
      "port-version": 1
    },
    {
      "git-tree": "91d648bc4cff36c2ac289cff836ece2875566e2b",
      "version": "3.24.34",
      "port-version": 0
    }
  ]
}
