{
  "versions": [
    {
      "git-tree": "34c97da27c275c1657e50d6598c72b8aca5cb8cd",
      "version": "0.12.3",
      "port-version": 0
    },
    {
      "git-tree": "6496c7f2e0f20c7f2c469d77e29a02877714b96b",
      "version": "0.12.2",
      "port-version": 0
    },
    {
      "git-tree": "b0b57c7286bdadcc64d0e4b2f5b5aca951bb1749",
      "version": "0.10.1",
      "port-version": 6
    },
    {
      "git-tree": "33203d45b5dcbc9d4bb0175691909a4e9c930d81",
      "version": "0.10.1",
      "port-version": 5
    },
    {
      "git-tree": "6c80a646e227f1181f474077dbf80f356555f452",
      "version-string": "0.10.1",
      "port-version": 4
    },
    {
      "git-tree": "997baf0b8c0cd0d7db6e3e991596c8f88d23d804",
      "version-string": "0.10.1-3",
      "port-version": 0
    },
    {
      "git-tree": "a3699efd0b8dbb4230f212d7381ae55535a29e3f",
      "version-string": "0.10.1-2",
      "port-version": 0
    },
    {
      "git-tree": "59d1ae36616f1ec3d66f74db7be9c6c678bc5e21",
      "version-string": "0.10.1-1",
      "port-version": 0
    },
    {
      "git-tree": "3cab3be84cb1f43dea44f88b2c0ace56b08b999f",
      "version-string": "0.10.1",
      "port-version": 0
    }
  ]
}
