{
  "versions": [
    {
      "git-tree": "a855abe0b29abb138e881bd4d15ea42157b606f3",
      "version": "6.0.2",
      "port-version": 2
    },
    {
      "git-tree": "bacea98222ace160cdc057f292b53ab9aedb1d6b",
      "version": "6.0.2",
      "port-version": 1
    },
    {
      "git-tree": "dae3f816596200c7cf0075dedf823028c0f458a2",
      "version": "6.0.2",
      "port-version": 0
    },
    {
      "git-tree": "77ad9232bc942cb683dc5d31c7d428dd0d7912ca",
      "version": "5.4.1",
      "port-version": 0
    }
  ]
}
