{
  "versions": [
    {
      "git-tree": "e207728aa9909671ff61d4befda87c0acb0b54e1",
      "version": "5.4.1",
      "port-version": 4
    },
    {
      "git-tree": "41a407bcf716c1a34f71478a24e9c481f15c255e",
      "version": "5.4.1",
      "port-version": 3
    },
    {
      "git-tree": "379bf372ab20a993390aaf8c34be3292e43c2ec8",
      "version": "5.4.1",
      "port-version": 2
    },
    {
      "git-tree": "15fd6996514765a386996566e63fd0fff58c3db4",
      "version": "5.4.1",
      "port-version": 1
    },
    {
      "git-tree": "ecb88cbb8c52027d083348a8d28705ef7fe861ca",
      "version": "5.4.1",
      "port-version": 0
    }
  ]
}
