{
  "versions": [
    {
      "git-tree": "14134fca9473b88513f1f41dd0fab14c0ae68892",
      "version": "7.3.0",
      "port-version": 1
    },
    {
      "git-tree": "788bff7f23bcb592cfbe23a0077ce5e338633515",
      "version": "7.3.0",
      "port-version": 0
    },
    {
      "git-tree": "687462541825396052367baec48a08e4657d63d4",
      "version": "7.0.2",
      "port-version": 1
    },
    {
      "git-tree": "13b399f38d70db748d1babf9296d2a4fc80dc302",
      "version": "7.0.2",
      "port-version": 0
    }
  ]
}
