{
  "versions": [
    {
      "git-tree": "e872aa215fc2daa52529e9477927abd0e1492b6a",
      "version": "11.1.0",
      "port-version": 0
    },
    {
      "git-tree": "df537bd272706b69fb0a0379718eaaea03f7e8e3",
      "version": "11.0.2",
      "port-version": 2
    },
    {
      "git-tree": "1f150b11ced24c5a927e7c646226e1e560d620a6",
      "version": "11.0.2",
      "port-version": 1
    },
    {
      "git-tree": "6403c9d8c36bb22e31b70805fc0b47feae67f12f",
      "version": "11.0.2",
      "port-version": 0
    },
    {
      "git-tree": "6bb633309ed7c2a6eb8fcefce3148ff698bb885d",
      "version": "9.5.0",
      "port-version": 0
    }
  ]
}
