{
  "versions": [
    {
      "git-tree": "cb6938cde22d5609715a6edfd928a851981af806",
      "version": "6.5.1",
      "port-version": 3
    },
    {
      "git-tree": "a4b8ecc794ec4fd9ab4257c4df264b3d603c984d",
      "version": "6.5.1",
      "port-version": 2
    },
    {
      "git-tree": "f21733a38332420967e218df27d7adfc125c6f07",
      "version": "6.5.1",
      "port-version": 1
    },
    {
      "git-tree": "9e84a89c5e37806e67295d51b6bd1ec565ccaede",
      "version": "6.5.1",
      "port-version": 0
    }
  ]
}
