{
  "versions": [
    {
      "git-tree": "94a4c051b7d4cbe1eced7925fc3e9cb2d4aaec86",
      "version": "14.1.0",
      "port-version": 0
    },
    {
      "git-tree": "d97d9e61cc64338d3eb9dbba0f709864bb1ac21f",
      "version": "14.0.0",
      "port-version": 1
    },
    {
      "git-tree": "9c141731fa834bac8cb3be05758eb3136e68ab35",
      "version": "14.0.0",
      "port-version": 0
    },
    {
      "git-tree": "0038906526b1e7a306233c71e12d32ff3c75ae5e",
      "version": "12.2.1",
      "port-version": 0
    }
  ]
}
