{
  "$comment": "Automatically generated by scripts/boost/generate-ports.ps1",
  "name": "boost-msm",
  "version": "1.82.0",
  "port-version": 2,
  "description": "Boost msm module",
  "homepage": "https://github.com/boostorg/msm",
  "license": "BSL-1.0",
  "dependencies": [
    {
      "name": "boost-any",
      "version>=": "1.82.0"
    },
    {
      "name": "boost-assert",
      "version>=": "1.82.0"
    },
    {
      "name": "boost-bind",
      "version>=": "1.82.0"
    },
    {
      "name": "boost-circular-buffer",
      "version>=": "1.82.0"
    },
    {
      "name": "boost-config",
      "version>=": "1.82.0"
    },
    {
      "name": "boost-core",
      "version>=": "1.82.0"
    },
    {
      "name": "boost-function",
      "version>=": "1.82.0"
    },
    {
      "name": "boost-fusion",
      "version>=": "1.82.0"
    },
    {
      "name": "boost-mpl",
      "version>=": "1.82.0"
    },
    {
      "name": "boost-parameter",
      "version>=": "1.82.0"
    },
    {
      "name": "boost-phoenix",
      "version>=": "1.82.0"
    },
    {
      "name": "boost-preprocessor",
      "version>=": "1.82.0"
    },
    {
      "name": "boost-proto",
      "version>=": "1.82.0"
    },
    {
      "name": "boost-serialization",
      "version>=": "1.82.0"
    },
    {
      "name": "boost-tuple",
      "version>=": "1.82.0"
    },
    {
      "name": "boost-type-traits",
      "version>=": "1.82.0"
    },
    {
      "name": "boost-typeof",
      "version>=": "1.82.0"
    },
    {
      "name": "boost-vcpkg-helpers",
      "version>=": "1.82.0"
    }
  ]
}
