{
  "name": "boost-property-tree",
  "version": "1.80.0",
  "description": "Boost property_tree module",
  "homepage": "https://github.com/boostorg/property_tree",
  "license": "BSL-1.0",
  "dependencies": [
    "boost-any",
    "boost-assert",
    "boost-bind",
    "boost-config",
    "boost-core",
    "boost-format",
    "boost-iterator",
    "boost-mpl",
    "boost-multi-index",
    "boost-optional",
    "boost-range",
    "boost-serialization",
    "boost-static-assert",
    "boost-throw-exception",
    "boost-type-traits",
    "boost-vcpkg-helpers"
  ]
}
