{
  "$comment": "Automatically generated by scripts/boost/generate-ports.ps1",
  "name": "boost-mysql",
  "version": "1.82.0",
  "port-version": 2,
  "description": "Boost mysql module",
  "homepage": "https://github.com/boostorg/mysql",
  "license": "BSL-1.0",
  "dependencies": [
    {
      "name": "boost-asio",
      "version>=": "1.82.0"
    },
    {
      "name": "boost-assert",
      "version>=": "1.82.0"
    },
    {
      "name": "boost-config",
      "version>=": "1.82.0"
    },
    {
      "name": "boost-core",
      "version>=": "1.82.0"
    },
    {
      "name": "boost-endian",
      "version>=": "1.82.0"
    },
    {
      "name": "boost-lexical-cast",
      "version>=": "1.82.0"
    },
    {
      "name": "boost-mp11",
      "version>=": "1.82.0"
    },
    {
      "name": "boost-system",
      "version>=": "1.82.0"
    },
    {
      "name": "boost-throw-exception",
      "version>=": "1.82.0"
    },
    {
      "name": "boost-variant2",
      "version>=": "1.82.0"
    },
    {
      "name": "boost-vcpkg-helpers",
      "version>=": "1.82.0"
    }
  ]
}
