{
  "name": "boost-compute",
  "version": "1.78.0",
  "description": "Boost compute module",
  "homepage": "https://github.com/boostorg/compute",
  "dependencies": [
    "boost-algorithm",
    "boost-array",
    "boost-assert",
    "boost-chrono",
    "boost-config",
    "boost-core",
    {
      "name": "boost-filesystem",
      "platform": "!uwp"
    },
    "boost-function",
    "boost-function-types",
    "boost-fusion",
    "boost-iterator",
    "boost-lexical-cast",
    "boost-mpl",
    "boost-optional",
    "boost-preprocessor",
    "boost-property-tree",
    "boost-proto",
    "boost-range",
    "boost-smart-ptr",
    "boost-static-assert",
    "boost-thread",
    "boost-throw-exception",
    "boost-tuple",
    "boost-type-traits",
    "boost-typeof",
    "boost-utility",
    "boost-uuid",
    "boost-vcpkg-helpers"
  ]
}
