{
  "name": "boost-bimap",
  "version": "1.79.0",
  "description": "Boost bimap module",
  "homepage": "https://github.com/boostorg/bimap",
  "license": "BSL-1.0",
  "dependencies": [
    "boost-concept-check",
    "boost-config",
    "boost-container-hash",
    "boost-core",
    "boost-iterator",
    "boost-lambda",
    "boost-mpl",
    "boost-multi-index",
    "boost-preprocessor",
    "boost-serialization",
    "boost-static-assert",
    "boost-throw-exception",
    "boost-type-traits",
    "boost-utility",
    "boost-vcpkg-helpers"
  ]
}
