{
  "versions": [
    {
      "git-tree": "efd77010f783812337dbbda1c0f54af588506d02",
      "version": "7.0.7",
      "port-version": 0
    },
    {
      "git-tree": "6bc071be9e736a08d2826e81e000dbc6aa6d4b2b",
      "version": "6.1.7",
      "port-version": 3
    },
    {
      "git-tree": "6849b794133f944030e40dc8c73b1fa4fc2a4f13",
      "version": "6.1.7",
      "port-version": 2
    },
    {
      "git-tree": "282699df90f6c302560fa8fdb097e386ae9de7db",
      "version": "6.1.7",
      "port-version": 1
    },
    {
      "git-tree": "0181c013ed7f278c6e62725516dbb65b103fa7d7",
      "version": "6.1.7",
      "port-version": 0
    },
    {
      "git-tree": "d2ade299ed837817b3d02522f990af3a64cb938b",
      "version": "5.8.1",
      "port-version": 3
    },
    {
      "git-tree": "4d39c9643a67338a3252672f3c5910891c6a87cd",
      "version": "5.8.1",
      "port-version": 2
    },
    {
      "git-tree": "31f7c1900da6148793b6b10c1b7be7b5e80d4172",
      "version-string": "5.8.1",
      "port-version": 1
    },
    {
      "git-tree": "30b1a0167a19316d64249e79132098e02a8a4d3f",
      "version-string": "5.8.1",
      "port-version": 0
    },
    {
      "git-tree": "09938307e07a99e000a97043d642ac0e5b474379",
      "version-string": "5.5.8-3",
      "port-version": 0
    },
    {
      "git-tree": "cd368ad57e441a0f52e37141f9264c276ea10da2",
      "version-string": "5.5.8-2",
      "port-version": 0
    },
    {
      "git-tree": "144bf8e9b8aa66775cbd660489dc3fa7b677536c",
      "version-string": "5.5.8-1",
      "port-version": 0
    },
    {
      "git-tree": "7220d8fd974a4da131d8b028a1bf6fc94b206c7c",
      "version-string": "5.5.8",
      "port-version": 0
    },
    {
      "git-tree": "e6ea834b2c450f0df212a6b3ff7b830958a0dc05",
      "version-string": "5.5.6",
      "port-version": 0
    }
  ]
}
