{
  "versions": [
    {
      "git-tree": "acfe663cbecc91d129bae8ffb2fee7f201225e72",
      "version": "2.21.0",
      "port-version": 0
    },
    {
      "git-tree": "cf9e2113dc67f82c120f1b614f9f3102216b43b8",
      "version": "2.19.9",
      "port-version": 0
    },
    {
      "git-tree": "7e0ed4683a54d93826a849200292c5eab2e10ad1",
      "version": "2.17.11",
      "port-version": 0
    },
    {
      "git-tree": "c0b73cac918d0472a83664599b558d6d7d678ad0",
      "version": "2.17.6",
      "port-version": 0
    },
    {
      "git-tree": "50da7c77dca04b357388a72af5e3a91c5176dfb0",
      "version": "2.17.2",
      "port-version": 1
    },
    {
      "git-tree": "bf3a48e25fa6298bb0a325872d813c11421b7e8f",
      "version": "2.17.2",
      "port-version": 0
    },
    {
      "git-tree": "5ed129aec7ee2dec29767918714015211a556038",
      "version": "2.3.2",
      "port-version": 0
    }
  ]
}
