{
  "versions": [
    {
      "git-tree": "558a19f0aec0cbbb2103876326c3e46455fb8d5f",
      "version": "0.9.5.0",
      "port-version": 4
    },
    {
      "git-tree": "7c30cd146c1f7b69d5a8f43fbb615e3bbb42b6ee",
      "version": "0.9.5.0",
      "port-version": 3
    },
    {
      "git-tree": "8ac1cb14a09660bf33bd8f3dc7727bcf8080ae02",
      "version": "0.9.5.0",
      "port-version": 2
    },
    {
      "git-tree": "fcf79007e70c0b2872453841199dae68e7ac01fa",
      "version": "0.9.5.0",
      "port-version": 1
    },
    {
      "git-tree": "f2af7adab77a27695756a783a27f5c602ded9082",
      "version": "0.9.5.0",
      "port-version": 0
    },
    {
      "git-tree": "fd25f487883b7ccbba50c32203eb96c18cd9338f",
      "version-string": "0db9691",
      "port-version": 1
    },
    {
      "git-tree": "a2a0f34f91d797a31af55376db7524f3aed863dc",
      "version-string": "0db9691",
      "port-version": 0
    },
    {
      "git-tree": "6538abf90af559609a691084fa9511d8a5ffd7c8",
      "version-string": "35c1d97020a-2",
      "port-version": 0
    },
    {
      "git-tree": "87b02ee3b63e6dcdf1f54488b3fc71b4783de64b",
      "version-string": "35c1d97020a",
      "port-version": 0
    }
  ]
}
