{
  "$comment": "Automatically generated by scripts/boost/generate-ports.ps1",
  "name": "boost-numeric-conversion",
  "version": "1.82.0",
  "port-version": 2,
  "description": "Boost numeric_conversion module",
  "homepage": "https://github.com/boostorg/numeric_conversion",
  "license": "BSL-1.0",
  "dependencies": [
    {
      "name": "boost-config",
      "version>=": "1.82.0"
    },
    {
      "name": "boost-conversion",
      "version>=": "1.82.0"
    },
    {
      "name": "boost-core",
      "version>=": "1.82.0"
    },
    {
      "name": "boost-mpl",
      "version>=": "1.82.0"
    },
    {
      "name": "boost-preprocessor",
      "version>=": "1.82.0"
    },
    {
      "name": "boost-throw-exception",
      "version>=": "1.82.0"
    },
    {
      "name": "boost-type-traits",
      "version>=": "1.82.0"
    },
    {
      "name": "boost-vcpkg-helpers",
      "version>=": "1.82.0"
    }
  ]
}
