{
  "$comment": "Automatically generated by scripts/boost/generate-ports.ps1",
  "name": "boost-thread",
  "version": "1.85.0",
  "port-version": 1,
  "description": "Boost thread module",
  "homepage": "https://www.boost.org/libs/thread",
  "license": "BSL-1.0",
  "dependencies": [
    {
      "name": "boost-assert",
      "version>=": "1.85.0"
    },
    {
      "name": "boost-atomic",
      "version>=": "1.85.0"
    },
    {
      "name": "boost-bind",
      "version>=": "1.85.0"
    },
    {
      "name": "boost-chrono",
      "version>=": "1.85.0"
    },
    {
      "name": "boost-cmake",
      "version>=": "1.85.0"
    },
    {
      "name": "boost-concept-check",
      "version>=": "1.85.0"
    },
    {
      "name": "boost-config",
      "version>=": "1.85.0"
    },
    {
      "name": "boost-container",
      "version>=": "1.85.0"
    },
    {
      "name": "boost-container-hash",
      "version>=": "1.85.0"
    },
    {
      "name": "boost-core",
      "version>=": "1.85.0"
    },
    {
      "name": "boost-date-time",
      "version>=": "1.85.0"
    },
    {
      "name": "boost-exception",
      "version>=": "1.85.0"
    },
    {
      "name": "boost-function",
      "version>=": "1.85.0"
    },
    {
      "name": "boost-headers",
      "version>=": "1.85.0"
    },
    {
      "name": "boost-io",
      "version>=": "1.85.0"
    },
    {
      "name": "boost-move",
      "version>=": "1.85.0"
    },
    {
      "name": "boost-optional",
      "version>=": "1.85.0"
    },
    {
      "name": "boost-predef",
      "version>=": "1.85.0"
    },
    {
      "name": "boost-preprocessor",
      "version>=": "1.85.0"
    },
    {
      "name": "boost-smart-ptr",
      "version>=": "1.85.0"
    },
    {
      "name": "boost-static-assert",
      "version>=": "1.85.0"
    },
    {
      "name": "boost-system",
      "version>=": "1.85.0"
    },
    {
      "name": "boost-throw-exception",
      "version>=": "1.85.0"
    },
    {
      "name": "boost-tuple",
      "version>=": "1.85.0"
    },
    {
      "name": "boost-type-traits",
      "version>=": "1.85.0"
    },
    {
      "name": "boost-utility",
      "version>=": "1.85.0"
    },
    {
      "name": "boost-winapi",
      "version>=": "1.85.0"
    }
  ]
}
