{
  "name": "azure-uamqp-c",
  "version-date": "2022-01-21",
  "port-version": 1,
  "description": "AMQP library for C",
  "homepage": "https://github.com/Azure/azure-uamqp-c",
  "license": "MIT",
  "dependencies": [
    "azure-c-shared-utility",
    "azure-macro-utils-c",
    "umock-c"
  ],
  "features": {
    "public-preview": {
      "description": "AMQP library for C (public preview)",
      "dependencies": [
        {
          "name": "azure-c-shared-utility",
          "features": [
            "public-preview"
          ]
        },
        {
          "name": "azure-macro-utils-c",
          "features": [
            "public-preview"
          ]
        },
        {
          "name": "umock-c",
          "features": [
            "public-preview"
          ]
        }
      ]
    }
  }
}
