{
  "$comment": "Automatically generated by scripts/boost/generate-ports.ps1",
  "name": "boost-nowide",
  "version": "1.83.0",
  "description": "Boost nowide module",
  "homepage": "https://github.com/boostorg/nowide",
  "license": "BSL-1.0",
  "dependencies": [
    {
      "name": "boost-build",
      "host": true,
      "version>=": "1.83.0"
    },
    {
      "name": "boost-config",
      "version>=": "1.83.0"
    },
    {
      "name": "boost-filesystem",
      "platform": "!uwp",
      "version>=": "1.83.0"
    },
    {
      "name": "boost-modular-build-helper",
      "host": true,
      "version>=": "1.83.0"
    },
    {
      "name": "boost-vcpkg-helpers",
      "version>=": "1.83.0"
    },
    {
      "name": "vcpkg-cmake",
      "host": true
    }
  ]
}
