{
  "name": "azure-core-amqp-cpp",
  "version-semver": "1.0.0-beta.2",
  "port-version": 1,
  "description": [
    "Microsoft Azure AMQP SDK for C++",
    "This library provides AMQP functionality to Azure SDK services."
  ],
  "homepage": "https://github.com/Azure/azure-sdk-for-cpp/tree/main/sdk/core/azure-core-amqp",
  "license": "MIT",
  "supports": "!uwp",
  "dependencies": [
    {
      "name": "azure-core-cpp",
      "default-features": false,
      "version>=": "1.10.0"
    },
    "azure-uamqp-c",
    {
      "name": "vcpkg-cmake",
      "host": true
    },
    {
      "name": "vcpkg-cmake-config",
      "host": true
    }
  ]
}
