{
  "$comment": "Automatically generated by scripts/boost/generate-ports.ps1",
  "name": "boost-wave",
  "version": "1.85.0",
  "port-version": 2,
  "description": "Boost wave module",
  "homepage": "https://www.boost.org/libs/wave",
  "license": "BSL-1.0",
  "supports": "!uwp",
  "dependencies": [
    {
      "name": "boost-assert",
      "version>=": "1.85.0"
    },
    {
      "name": "boost-cmake",
      "version>=": "1.85.0"
    },
    {
      "name": "boost-concept-check",
      "version>=": "1.85.0"
    },
    {
      "name": "boost-config",
      "version>=": "1.85.0"
    },
    {
      "name": "boost-core",
      "version>=": "1.85.0"
    },
    {
      "name": "boost-filesystem",
      "platform": "!uwp",
      "version>=": "1.85.0"
    },
    {
      "name": "boost-format",
      "version>=": "1.85.0"
    },
    {
      "name": "boost-headers",
      "version>=": "1.85.0"
    },
    {
      "name": "boost-iterator",
      "version>=": "1.85.0"
    },
    {
      "name": "boost-lexical-cast",
      "version>=": "1.85.0"
    },
    {
      "name": "boost-mpl",
      "version>=": "1.85.0"
    },
    {
      "name": "boost-multi-index",
      "version>=": "1.85.0"
    },
    {
      "name": "boost-optional",
      "version>=": "1.85.0"
    },
    {
      "name": "boost-pool",
      "version>=": "1.85.0"
    },
    {
      "name": "boost-preprocessor",
      "version>=": "1.85.0"
    },
    {
      "name": "boost-serialization",
      "version>=": "1.85.0"
    },
    {
      "name": "boost-smart-ptr",
      "version>=": "1.85.0"
    },
    {
      "name": "boost-spirit",
      "version>=": "1.85.0"
    },
    {
      "name": "boost-static-assert",
      "version>=": "1.85.0"
    },
    {
      "name": "boost-throw-exception",
      "version>=": "1.85.0"
    },
    {
      "name": "boost-type-traits",
      "version>=": "1.85.0"
    }
  ]
}
