{
  "name": "azure-c-shared-utility",
  "version-date": "2024-06-24",
  "port-version": 1,
  "description": "Azure C SDKs common code",
  "homepage": "https://github.com/Azure/azure-c-shared-utility",
  "license": "MIT",
  "supports": "!uwp",
  "dependencies": [
    "azure-macro-utils-c",
    {
      "name": "curl",
      "platform": "!windows"
    },
    {
      "name": "openssl",
      "platform": "!windows & !osx"
    },
    "umock-c",
    {
      "name": "vcpkg-cmake",
      "host": true
    },
    {
      "name": "vcpkg-cmake-config",
      "host": true
    }
  ]
}
