{
  "versions": [
    {
      "git-tree": "bf23ec4cd47e5dc619edf3c42dc0e9d20cb1aa35",
      "version-date": "2021-02-21",
      "port-version": 4
    },
    {
      "git-tree": "7d9e236a8f7e71e46c901da4f8a250c47221bd91",
      "version-date": "2021-02-21",
      "port-version": 3
    },
    {
      "git-tree": "2479c1088fd75df5e9f06e85086c748aefae9e11",
      "version-date": "2021-02-21",
      "port-version": 2
    },
    {
      "git-tree": "42cc5d6dad2376e9322d715341bb0c8e2d1297b8",
      "version-date": "2021-02-21",
      "port-version": 1
    },
    {
      "git-tree": "bea4835350da5cce1c030ee7d9590fdae88860ae",
      "version-date": "2021-02-21",
      "port-version": 0
    }
  ]
}
