{
  "versions": [
    {
      "git-tree": "dca74052bdbd3af026eb8b37e3222beed0a43276",
      "version-date": "2019-08-10",
      "port-version": 3
    },
    {
      "git-tree": "57d9be46d1ad11b6438efd40a0392c78ddbcfd9a",
      "version-string": "2019-08-10",
      "port-version": 2
    },
    {
      "git-tree": "60826cea5f3d16ff79fff864e3ad13239d78a193",
      "version-string": "2019-08-10",
      "port-version": 1
    },
    {
      "git-tree": "25fbda0e2379901e9d90c04d4c11905d37b1fc77",
      "version-string": "2019-08-10",
      "port-version": 0
    }
  ]
}
