{
  "name": "boost-mpi",
  "version": "1.79.0",
  "description": "Boost mpi module",
  "homepage": "https://github.com/boostorg/mpi",
  "license": "BSL-1.0",
  "supports": "!uwp",
  "dependencies": [
    "boost-assert",
    {
      "name": "boost-build",
      "host": true
    },
    "boost-config",
    "boost-core",
    "boost-foreach",
    "boost-function",
    "boost-graph",
    "boost-integer",
    "boost-iterator",
    "boost-lexical-cast",
    {
      "name": "boost-modular-build-helper",
      "host": true
    },
    "boost-mpl",
    "boost-optional",
    "boost-serialization",
    "boost-smart-ptr",
    "boost-static-assert",
    "boost-throw-exception",
    "boost-type-traits",
    "boost-utility",
    "boost-vcpkg-helpers",
    "mpi",
    {
      "name": "vcpkg-cmake",
      "host": true
    }
  ],
  "features": {
    "python3": {
      "description": "Build Python3 bindings",
      "supports": "!static",
      "dependencies": [
        {
          "name": "boost-python",
          "features": [
            "python3"
          ],
          "platform": "!uwp & !emscripten & !ios & !android"
        },
        "python3"
      ]
    }
  }
}
