{
  "versions": [
    {
      "git-tree": "a5f5d0aa494687aa6843311d4b186519da9ff8c7",
      "version": "1.6.0",
      "port-version": 0
    },
    {
      "git-tree": "bf1158231023b012395900790f3b075f7768c8b5",
      "version": "1.5.0",
      "port-version": 0
    },
    {
      "git-tree": "689ff0494cc353844606c0f5ff085f6bc879607a",
      "version": "1.4.0",
      "port-version": 0
    },
    {
      "git-tree": "b0cc952f85939e4547be6e9c020903940e282fa1",
      "version": "1.3.0",
      "port-version": 0
    },
    {
      "git-tree": "a66b84dc2bc83f2e84ff78021584ca8d7291c258",
      "version": "1.2.0",
      "port-version": 0
    },
    {
      "git-tree": "469c585ac08f057d3716d962b9d048fe0b851e83",
      "version": "1.1.2+20210419",
      "port-version": 0
    }
  ]
}
