{
  "versions": [
    {
      "git-tree": "210c8bce711a4602b27ade5743bdb4126caa79ee",
      "version-date": "2019-09-02",
      "port-version": 3
    },
    {
      "git-tree": "c74c7f4f5516bdfeffc916c0e72a650d65fe61fb",
      "version-string": "2019-09-02",
      "port-version": 2
    },
    {
      "git-tree": "d6ac6dbaa833e52f6d7d259b57d644e8467fa6e0",
      "version-string": "2019-09-02-1",
      "port-version": 0
    },
    {
      "git-tree": "2216526ad18346c355569f8a9746db2c94aa0262",
      "version-string": "2019-09-02",
      "port-version": 0
    }
  ]
}
