{
  "versions": [
    {
      "git-tree": "6a0f963b2fe86970d2db449084da3dc8f360151c",
      "version": "2.9.0",
      "port-version": 0
    },
    {
      "git-tree": "a54067bca358c87d6517a37b8360264e58097dc5",
      "version": "2.8.0",
      "port-version": 2
    },
    {
      "git-tree": "1f027fdb55e2bea18637a7cbe85c2ea544ee2f6d",
      "version": "2.8.0",
      "port-version": 1
    },
    {
      "git-tree": "07a55182c9e5bace6cbaff6e08c77a54fdcdcdbc",
      "version": "2.8.0",
      "port-version": 0
    },
    {
      "git-tree": "44b519ef789c70ffb247ac2fc1686038b0616515",
      "version": "2.7.2",
      "port-version": 0
    }
  ]
}
