{
  "versions": [
    {
      "git-tree": "2352b67bd30ff162a551367458f0732e5f35adc3",
      "version": "3.2.1",
      "port-version": 1
    },
    {
      "git-tree": "68fb2412689a720091cce3939dbebd6ed5739afb",
      "version": "3.2.1",
      "port-version": 0
    },
    {
      "git-tree": "992cae1a369e1e270f93a1abbfd4e2a921abc7b4",
      "version": "3.2.0",
      "port-version": 0
    },
    {
      "git-tree": "8d90185c8a01c5e020ea500cb0859004df5d1ed2",
      "version": "3.1.1",
      "port-version": 0
    },
    {
      "git-tree": "e868ce7f27a6cd67a20c56931594479cb9a2a84f",
      "version": "3.1.0",
      "port-version": 0
    },
    {
      "git-tree": "11373e6b61e3a9b19f43cb5e4c891c5350d8aa1e",
      "version": "3.0.1",
      "port-version": 0
    },
    {
      "git-tree": "d3885feb3202f23105c65b533abbfe05c42850ec",
      "version": "3.0.0",
      "port-version": 0
    }
  ]
}
