{
  "versions": [
    {
      "git-tree": "de1b41d44f7921f7ac78a235025df3a3908e2af0",
      "version": "1.2.0",
      "port-version": 3
    },
    {
      "git-tree": "2bbebe72c660725c3540133f722ad9cac7dc2c5c",
      "version": "1.2.0",
      "port-version": 2
    },
    {
      "git-tree": "33967b083c32aab183281126cde3fdab878e71be",
      "version-string": "1.2.0",
      "port-version": 1
    },
    {
      "git-tree": "c81bffd9497b08091cff4be8db0d2ec378a2adc2",
      "version-string": "1.2.0",
      "port-version": 0
    },
    {
      "git-tree": "71d32704478989baa182990af172f2564fe5d3d6",
      "version-string": "1.1.6-0f734f0-1",
      "port-version": 0
    },
    {
      "git-tree": "2cfef5bd1a4212e5843ba6ed36a0cfbab0c34503",
      "version-string": "1.1.6-0f734f0",
      "port-version": 0
    }
  ]
}
