{
  "versions": [
    {
      "git-tree": "4bb9b104d3ec924a603559045aebb17163bad475",
      "version-string": "24.08.2",
      "port-version": 1
    },
    {
      "git-tree": "fa2998b746870d8d3f794a20096d77852e339550",
      "version-string": "24.08.2",
      "port-version": 0
    },
    {
      "git-tree": "1ef790a4b08b152b7abab997dcad42a464f02b27",
      "version-string": "24.07.90",
      "port-version": 0
    },
    {
      "git-tree": "582ef4bc67baebe0e34ce75cbbe5ba3cc1e8b953",
      "version-string": "24.02.0",
      "port-version": 1
    },
    {
      "git-tree": "a8ee922e29c82515ad220efa52068a80b45978d0",
      "version-string": "24.02.0",
      "port-version": 0
    },
    {
      "git-tree": "b5f88df6aa916d5bfcfbf3396df344d90de36778",
      "version-string": "22.04.0",
      "port-version": 2
    },
    {
      "git-tree": "c1e722f12de290f18b92e662040c499a51d57249",
      "version-string": "22.04.0",
      "port-version": 1
    },
    {
      "git-tree": "7a6e4d655adaa7043e8b347841b11472c9b36a6a",
      "version-string": "22.04.0",
      "port-version": 0
    },
    {
      "git-tree": "eb15f05858eaff46b5d7b142d3c874f889d26557",
      "version-string": "19.08.2",
      "port-version": 3
    },
    {
      "git-tree": "882d37f618c122d3484dcb02cb4f35ead8580768",
      "version-string": "19.08.2",
      "port-version": 2
    },
    {
      "git-tree": "753693b3e64d7baedd61a8f57b62e467267bc741",
      "version-string": "19.08.2",
      "port-version": 1
    },
    {
      "git-tree": "6da05bd09e0eb41ee05e3269fab2283c5dab2d4c",
      "version-string": "19.08.2",
      "port-version": 0
    }
  ]
}
