{
  "versions": [
    {
      "git-tree": "a401e399f881b616c7767fc13722ef8c6c40fb14",
      "version": "1.39.1",
      "port-version": 2
    },
    {
      "git-tree": "b003eaaf8c723849203b9ccfb642a332759f68f6",
      "version": "1.39.1",
      "port-version": 1
    },
    {
      "git-tree": "43f4bdc0c36c5c07302761341423d663f9fbea47",
      "version": "1.39.1",
      "port-version": 0
    },
    {
      "git-tree": "d2a74dccc02854ec1ef84d3ef6b4defcfeb2b0ea",
      "version": "1.38.9",
      "port-version": 0
    },
    {
      "git-tree": "51acf72a500446d2a9d101be11fb24b86a1a18ad",
      "version": "1.38.8",
      "port-version": 1
    },
    {
      "git-tree": "b8895aa1059cf4106a82265c242871ae6db5b815",
      "version": "1.38.8",
      "port-version": 0
    },
    {
      "git-tree": "f0dc3a4ac664a5b4fe18a946a35965b519c148e7",
      "version": "1.38.4",
      "port-version": 0
    }
  ]
}
