{
  "versions": [
    {
      "git-tree": "e6daa977bec3896a8b102b44aaf1918778412e8a",
      "version-date": "2020-08-27",
      "port-version": 2
    },
    {
      "git-tree": "baade687391a8a12d426361c378e7c1ee31d1182",
      "version-string": "2020-08-27",
      "port-version": 1
    },
    {
      "git-tree": "fc40bac37aa51944e6e4d1b63dbaaef56651adf7",
      "version-string": "2020-08-27",
      "port-version": 0
    },
    {
      "git-tree": "0e4ff7aa1521101bf97ec1f0a81407f9d1a92509",
      "version-string": "2019-09-24",
      "port-version": 0
    }
  ]
}
