{
  "versions": [
    {
      "git-tree": "60bd7487570750ef422ca66716f71fd579f6020f",
      "version": "2025",
      "port-version": 0
    },
    {
      "git-tree": "a2e5a31e10cc6eb41ac53d4cbbb4cc4f81b6dc53",
      "version": "2024.1.4",
      "port-version": 0
    },
    {
      "git-tree": "c5559dbee0d9023c137bf58f2e9996b71f0bbd9d",
      "version": "2024.1.3",
      "port-version": 0
    },
    {
      "git-tree": "5618e7195ba1447ffd06b783c373b4353897d440",
      "version": "2024.1.1",
      "port-version": 0
    },
    {
      "git-tree": "8baaf1116f9d57fc31240c1e60e2a5280dcdc286",
      "version": "2024.1",
      "port-version": 0
    },
    {
      "git-tree": "d1412426eab60c60fc3bbfb4efda57da723cbe9c",
      "version": "2024.0.4",
      "port-version": 1
    },
    {
      "git-tree": "089fc6e3fd51fbe06084eb0e59cbecb3b68387a3",
      "version": "2024.0.4",
      "port-version": 0
    },
    {
      "git-tree": "a766439c586bae690dfd211fe3acebe13ee70c02",
      "version": "2021.1.2",
      "port-version": 5
    },
    {
      "git-tree": "7c4084ba04dcadc57086603e341b7d74e6926f00",
      "version": "2021.1.2",
      "port-version": 4
    },
    {
      "git-tree": "a8fcd0cdebe6b073993485aba6fa0dd24445f9f5",
      "version": "2021.1.2",
      "port-version": 3
    },
    {
      "git-tree": "04186cc5442b20b27d3a47f901dfd4c7eef16353",
      "version": "2021.1.2",
      "port-version": 2
    },
    {
      "git-tree": "7b540090b50df32e1bdcab5953994590e0fb37bd",
      "version": "2021.1.2",
      "port-version": 1
    },
    {
      "git-tree": "1ea6f971b1824f51c7beed4983f54733b24f1bed",
      "version": "2021.1.2",
      "port-version": 0
    }
  ]
}
