{
  "versions": [
    {
      "git-tree": "0129587c382b40c2aa726db2dc3ccaa23ee2812c",
      "version": "8",
      "port-version": 0
    },
    {
      "git-tree": "bdeea9387284953e1da3921696d1406040355428",
      "version": "7",
      "port-version": 0
    },
    {
      "git-tree": "fac71166d9f5b94c97fda39a97ebe3ecbd9c87fc",
      "version": "6",
      "port-version": 0
    },
    {
      "git-tree": "d95758234f92448a39a0a2e666e7601f95ae7e91",
      "version": "5",
      "port-version": 0
    },
    {
      "git-tree": "5f1b8b175bd484148b8c96e9b21b817381a8b964",
      "version": "4",
      "port-version": 0
    },
    {
      "git-tree": "ef648806009c754d8077dad2e1fd9e434616f427",
      "version": "3",
      "port-version": 0
    }
  ]
}
