{
  "versions": [
    {
      "git-tree": "745289bcc43c14f1f4c5b1f9f2d319d42fe1d299",
      "version-date": "2023-09-21",
      "port-version": 0
    },
    {
      "git-tree": "071e8c4877c43b767d0afce0ad085255b6f68622",
      "version-date": "2023-02-03",
      "port-version": 0
    },
    {
      "git-tree": "c290d7a60106f75b013b4efa6b4287aa91385aab",
      "version-string": "2019-08-20",
      "port-version": 2
    },
    {
      "git-tree": "0d292f83153e9e6a842131c237852b1a580df705",
      "version-string": "2019-08-20-1",
      "port-version": 0
    }
  ]
}
