{
  "versions": [
    {
      "git-tree": "2997f9c06f0831c803fca134a599171dc2399bc4",
      "version-date": "2021-11-30",
      "port-version": 0
    },
    {
      "git-tree": "4ed9d5474095c5aaecd2fc4ccab507523dd98241",
      "version-string": "2020-12-25",
      "port-version": 1
    },
    {
      "git-tree": "40803dea0d5152a008dead0dc49d928a4ec78494",
      "version-string": "2020-12-25",
      "port-version": 0
    },
    {
      "git-tree": "9cd84af5757e5bdb6919f0edee4552c220af7ec8",
      "version-string": "2019-07-24-1",
      "port-version": 0
    },
    {
      "git-tree": "30f0e4929b0605805e017395c903d6c76ad7fdaf",
      "version-string": "2019-07-24",
      "port-version": 0
    }
  ]
}
