{
  "versions": [
    {
      "git-tree": "3ea76735f35eb04d830db32fd21b00f9316bdbdc",
      "version-date": "2025-03-19",
      "port-version": 0
    },
    {
      "git-tree": "6d23578a42c45320294872b23c612b577a245c98",
      "version-date": "2022-03-27",
      "port-version": 0
    },
    {
      "git-tree": "1a84c6441a555fa4b0afa0bbe61488b1bc692138",
      "version-string": "2019-09-29",
      "port-version": 1
    },
    {
      "git-tree": "de7f696bc3b559e2376ef5cd52295776e539a4c0",
      "version-string": "2019-09-29",
      "port-version": 0
    }
  ]
}
