{
  "versions": [
    {
      "git-tree": "901d7e31690c889f88a978a7322919fbe237618d",
      "version": "1.1.0",
      "port-version": 7
    },
    {
      "git-tree": "af18b8b69d85424bc490584793f69b7abb368947",
      "version": "1.1.0",
      "port-version": 6
    },
    {
      "git-tree": "4f755e0b91f277b483ce9b157d7e10fb99b49878",
      "version": "1.1.0",
      "port-version": 5
    },
    {
      "git-tree": "e0bd733035bf0f532457f0d03b2aed538afe5cc1",
      "version": "1.1.0",
      "port-version": 4
    },
    {
      "git-tree": "7f76a851632ab292ad4fbabcf5b6e94c0c6d957b",
      "version": "1.1.0",
      "port-version": 3
    },
    {
      "git-tree": "e77125ae365a54bdcbbdb5bb2d77d32834a4487b",
      "version": "1.1.0",
      "port-version": 2
    },
    {
      "git-tree": "10351b13b0daa0e66de483597da63e0d60e9777a",
      "version": "1.1.0",
      "port-version": 1
    },
    {
      "git-tree": "491764622aa21728db88d7dd574f430cae600af5",
      "version-string": "1.1.0",
      "port-version": 0
    }
  ]
}
