{
  "versions": [
    {
      "git-tree": "13fee4f0fddd20945c718e7adf38ba0aaa2238ba",
      "version": "1.3.1",
      "port-version": 2
    },
    {
      "git-tree": "9d1ac54ce56647856d76413a33a16b4fe39352bb",
      "version": "1.3.1",
      "port-version": 1
    },
    {
      "git-tree": "741646f873002e3a712397c3f91b8e4f5b99ded4",
      "version": "1.3.1",
      "port-version": 0
    },
    {
      "git-tree": "ac9e33d7db3d83459eeadc2c47a6dea8d3358dc0",
      "version": "1.2.0",
      "port-version": 3
    },
    {
      "git-tree": "c38230459b115da37fe9fe0161c7462de85549d5",
      "version": "1.2.0",
      "port-version": 2
    },
    {
      "git-tree": "8ef4f1423bd95ed6bbe514de46fc9f4c8884ae5e",
      "version-string": "1.2.0",
      "port-version": 1
    },
    {
      "git-tree": "82cc965290366b6d4cbc8996a8b9e335769920c8",
      "version-string": "1.2.0",
      "port-version": 0
    }
  ]
}
