{
  "versions": [
    {
      "git-tree": "276acc094adee4c105a6f07a68ef5137c87c7361",
      "version-date": "2024-09-05",
      "port-version": 0
    },
    {
      "git-tree": "5fb5ea5c5659fa04f4038a9df76b469f39c4e8f0",
      "version-date": "2022-06-28",
      "port-version": 2
    },
    {
      "git-tree": "b189e4d23ebe85437573b386d94b06b3f9fb6238",
      "version-date": "2022-06-28",
      "port-version": 1
    },
    {
      "git-tree": "a9a91635168ea77faa39adb73b27483797fa8967",
      "version-date": "2022-06-28",
      "port-version": 0
    },
    {
      "git-tree": "b287c12480725603087cb1ebd5044a6a4bd6b2cb",
      "version-string": "r1.9.5.4",
      "port-version": 1
    },
    {
      "git-tree": "aeeeac2de78af647be1312f6e9ab687c18369e99",
      "version-string": "r1.9.5.4",
      "port-version": 0
    },
    {
      "git-tree": "1c3bf009ece6942607e095c0088810b6dbf86d38",
      "version-string": "r1.9.5.0",
      "port-version": 0
    }
  ]
}
