{
  "versions": [
    {
      "git-tree": "495e9b96672a4bc3fa71512ce8a82a454815c732",
      "version": "0.8.0",
      "port-version": 0
    },
    {
      "git-tree": "32112fdb5245ab8574dd65f981fa79ee6e6ed5d7",
      "version": "0.7.0",
      "port-version": 0
    },
    {
      "git-tree": "6c26630aa357e123fe98a2dd4359b52681333a81",
      "version": "0.6.0",
      "port-version": 1
    },
    {
      "git-tree": "1621424c690e4de0daaac921e92fc0c06ace9677",
      "version": "0.6.0",
      "port-version": 0
    }
  ]
}
