{
  "versions": [
    {
      "git-tree": "34e86ded5171b1516fe2e5b51c5122ccd078f8ae",
      "version-date": "2018-02-25",
      "port-version": 2
    },
    {
      "git-tree": "e912f42451c0d3a2563a68db50d96318bd277e40",
      "version-string": "2018-02-25",
      "port-version": 1
    },
    {
      "git-tree": "1d44711d68afe966e4864bddf426de6d589b4d85",
      "version-string": "2018-02-25",
      "port-version": 0
    },
    {
      "git-tree": "e86d2b33445c7e5587a85dc36294db3ea7403a54",
      "version-string": "2017-06-26-f9e7c5758ed9e3b9f4b2394de1881c704dd79de0",
      "port-version": 0
    }
  ]
}
