{
  "versions": [
    {
      "git-tree": "3cf60f2e9285c034e5129aebf659bfe18d39046d",
      "version": "2.4.8",
      "port-version": 1
    },
    {
      "git-tree": "3509b90a15065b7d89109b53e179b2908dda7dda",
      "version": "2.4.8",
      "port-version": 0
    },
    {
      "git-tree": "4e5648681b1e1f2ac74e7ab7be04d1215a0063bf",
      "version": "2.4.7",
      "port-version": 3
    },
    {
      "git-tree": "7b56cfbd638c6711b76cab27d5f9a71f17341d36",
      "version": "2.4.7",
      "port-version": 2
    },
    {
      "git-tree": "5e727b0b7e3bf5761f161c5f7ca8f24272a3f7f2",
      "version": "2.4.7",
      "port-version": 1
    },
    {
      "git-tree": "04855f9144f78f05b623916dc4d7310fdf8b5d29",
      "version": "2.4.7",
      "port-version": 0
    },
    {
      "git-tree": "7e20d48f6fdc1052f7339eeff9ea9ab1074a726c",
      "version": "2.4.5",
      "port-version": 1
    },
    {
      "git-tree": "a037eeff81951b04f28f6ed7c0988618d801afb0",
      "version": "2.4.5",
      "port-version": 0
    },
    {
      "git-tree": "519570ca834d486ddb5fc0fd43094079ef27b568",
      "version": "2.4.4",
      "port-version": 0
    },
    {
      "git-tree": "1b260265332dca46324f6782ce58f8f74b0887a5",
      "version": "2.3.6",
      "port-version": 2
    },
    {
      "git-tree": "ba908ead14078300c7e5babd3d725dc58746b3c3",
      "version": "2.3.6",
      "port-version": 1
    },
    {
      "git-tree": "03c8b1fae017fc4b512f48444ae5c0d07f5233dd",
      "version": "2.3.6",
      "port-version": 0
    },
    {
      "git-tree": "637f7184ab6b84691b2ac5ff61186b53b13a9660",
      "version": "2.3.5",
      "port-version": 2
    },
    {
      "git-tree": "85ab1ddebbe0f051950212c6dc07ea3ad96cb271",
      "version": "2.3.5",
      "port-version": 1
    },
    {
      "git-tree": "20a3ca5768fb1bb7781563159dc5400b0b2bb978",
      "version": "2.3.5",
      "port-version": 0
    }
  ]
}
