{
  "versions": [
    {
      "git-tree": "cf24c25916cdfba636fd2b4a4d2a172cdaf9bbf4",
      "version": "3.3.0",
      "port-version": 0
    },
    {
      "git-tree": "5d1390fd33f3bf4d3b3a212a9cf7614b55aa5973",
      "version": "3.2.7",
      "port-version": 0
    },
    {
      "git-tree": "c70b9104b75fe8947ddac6e9450207cadb59cb0b",
      "version": "2.3.2",
      "port-version": 1
    },
    {
      "git-tree": "086053d3e52e0d7565733cf06db736f2e1617a63",
      "version": "2.3.2",
      "port-version": 0
    }
  ]
}
