{
  "versions": [
    {
      "git-tree": "63de2dd55921559aab9f46671623720869fbb390",
      "version": "3.0.0",
      "port-version": 0
    },
    {
      "git-tree": "c9a08c1854158e1debb812b75233fb9a90788873",
      "version": "2.1.1",
      "port-version": 0
    },
    {
      "git-tree": "63b9dd96a0cf0858bd309f9976e89a89d24823bd",
      "version": "2.1.0",
      "port-version": 0
    },
    {
      "git-tree": "cac26fcb11296aef64269c86d2e573a10b7ab8e9",
      "version": "2.0.0",
      "port-version": 0
    },
    {
      "git-tree": "25f44cd36c9488e85a655903f7e56c3aa3630ba3",
      "version": "1.0.0",
      "port-version": 0
    }
  ]
}
