{
  "name": "boost-ublas",
  "version": "1.80.0",
  "description": "Boost ublas module",
  "homepage": "https://github.com/boostorg/ublas",
  "license": "BSL-1.0",
  "dependencies": [
    "boost-compute",
    "boost-concept-check",
    "boost-config",
    "boost-core",
    "boost-interval",
    "boost-iterator",
    "boost-mpl",
    "boost-range",
    "boost-serialization",
    "boost-smart-ptr",
    "boost-static-assert",
    "boost-type-traits",
    "boost-typeof",
    "boost-vcpkg-helpers"
  ]
}
