{
  "name": "boost-regex",
  "version": "1.80.0",
  "description": "Boost regex module",
  "homepage": "https://github.com/boostorg/regex",
  "license": "BSL-1.0",
  "dependencies": [
    "boost-assert",
    {
      "name": "boost-build",
      "host": true
    },
    "boost-concept-check",
    "boost-config",
    "boost-container-hash",
    "boost-core",
    "boost-integer",
    {
      "name": "boost-modular-build-helper",
      "host": true
    },
    "boost-mpl",
    "boost-predef",
    "boost-smart-ptr",
    "boost-static-assert",
    "boost-throw-exception",
    "boost-type-traits",
    "boost-vcpkg-helpers",
    {
      "name": "vcpkg-cmake",
      "host": true
    }
  ],
  "features": {
    "icu": {
      "description": "ICU backend for Boost.Regex",
      "dependencies": [
        "icu"
      ]
    }
  }
}
