{
  "$comment": "Automatically generated by scripts/boost/generate-ports.ps1",
  "name": "boost-icl",
  "version": "1.83.0",
  "description": "Boost icl module",
  "homepage": "https://github.com/boostorg/icl",
  "license": "BSL-1.0",
  "dependencies": [
    {
      "name": "boost-assert",
      "version>=": "1.83.0"
    },
    {
      "name": "boost-concept-check",
      "version>=": "1.83.0"
    },
    {
      "name": "boost-config",
      "version>=": "1.83.0"
    },
    {
      "name": "boost-container",
      "version>=": "1.83.0"
    },
    {
      "name": "boost-core",
      "version>=": "1.83.0"
    },
    {
      "name": "boost-date-time",
      "version>=": "1.83.0"
    },
    {
      "name": "boost-detail",
      "version>=": "1.83.0"
    },
    {
      "name": "boost-iterator",
      "version>=": "1.83.0"
    },
    {
      "name": "boost-move",
      "version>=": "1.83.0"
    },
    {
      "name": "boost-mpl",
      "version>=": "1.83.0"
    },
    {
      "name": "boost-range",
      "version>=": "1.83.0"
    },
    {
      "name": "boost-rational",
      "version>=": "1.83.0"
    },
    {
      "name": "boost-static-assert",
      "version>=": "1.83.0"
    },
    {
      "name": "boost-type-traits",
      "version>=": "1.83.0"
    },
    {
      "name": "boost-utility",
      "version>=": "1.83.0"
    },
    {
      "name": "boost-vcpkg-helpers",
      "version>=": "1.83.0"
    }
  ]
}
