{
  "versions": [
    {
      "git-tree": "4c7074ff89474d9eed103026e6ef789d76a88598",
      "version": "1.0.5",
      "port-version": 0
    },
    {
      "git-tree": "35bca7fa9379d17b1f194696fc0bd4c80f789769",
      "version": "1.0.4",
      "port-version": 0
    },
    {
      "git-tree": "5f6331f897b458f49d2d8e69f73bd47a47d0532d",
      "version": "1.0.2",
      "port-version": 0
    },
    {
      "git-tree": "9a05a76802a936f7549eec49d032a5e6fa220cfb",
      "version": "1.0.1",
      "port-version": 0
    },
    {
      "git-tree": "7edd27211e0ef58ea307fe1fc4f34aea18cb8529",
      "version": "0.6",
      "port-version": 0
    },
    {
      "git-tree": "c40f3039f56bbe5301d45b0bf0430b4852907608",
      "version-string": "2018-11-17",
      "port-version": 2
    },
    {
      "git-tree": "56fb4ee7adbd616e60bc4a24eedd2755f25de001",
      "version-string": "2018-11-17-1",
      "port-version": 0
    },
    {
      "git-tree": "1d49596abb0ed41095b901d5e01b45631190babf",
      "version-string": "2018-11-17",
      "port-version": 0
    }
  ]
}
