{
  "versions": [
    {
      "git-tree": "e26d910cbb1e8c3da4c63aa3361770edaf523d6a",
      "version": "3.0.0",
      "port-version": 0
    },
    {
      "git-tree": "827279cee8fcc1e2cfc6fd195ebf523cba2917c5",
      "version": "2.0.0",
      "port-version": 0
    },
    {
      "git-tree": "a932d3f3a9d2390536663cefe804b881408cef11",
      "version-string": "1.2.2",
      "port-version": 1
    },
    {
      "git-tree": "6d5d7208789ae75c456134c11e719adf8c2eb5bf",
      "version-string": "1.2.2",
      "port-version": 0
    }
  ]
}
