{
  "versions": [
    {
      "git-tree": "8eeada33483bca3671e5838633d19ae70297b475",
      "version": "0.1.1-prerelease",
      "port-version": 0
    },
    {
      "git-tree": "430ba43d9db1d6344f1a0a8fa193a32cd62baa28",
      "version": "0.1.0-prerelease",
      "port-version": 0
    },
    {
      "git-tree": "bc6f436a61c65a8af9ff964be82f5fecabb2fe8f",
      "version": "0.0.2-prerelease",
      "port-version": 1
    },
    {
      "git-tree": "870aafddc5d596ba89e52748bebb069e0836e47b",
      "version": "0.0.2-prerelease",
      "port-version": 0
    }
  ]
}
