{
  "versions": [
    {
      "git-tree": "d6510f888dd526c7828f6b973349e7f30be51254",
      "version-date": "2025-05-29",
      "port-version": 0
    },
    {
      "git-tree": "f23148add155147f3d95ae622d3b0031beb25acf",
      "version-date": "2024-09-22",
      "port-version": 0
    },
    {
      "git-tree": "725c841810ceb8de33da68ea879eb8f0b4d6c94c",
      "version-date": "2023-12-31",
      "port-version": 0
    },
    {
      "git-tree": "2e624c2cf12a97a7a802e31ff1d28b9fa6ba9bde",
      "version-date": "2023-03-02",
      "port-version": 0
    },
    {
      "git-tree": "bad453fe7f58edb2e8d0093692dcaa52347e446c",
      "version-date": "2022-12-16",
      "port-version": 0
    },
    {
      "git-tree": "898079c6021ced406d7c75f852e67a5e8861db9b",
      "version-date": "2022-09-04",
      "port-version": 0
    },
    {
      "git-tree": "b50ca3d20736304215fbd82c102d4552457255bb",
      "version-date": "2022-05-10",
      "port-version": 1
    },
    {
      "git-tree": "181f509cdab757511233106aa44c529e04c0c29f",
      "version-date": "2022-05-10",
      "port-version": 0
    }
  ]
}
