{
  "versions": [
    {
      "git-tree": "2550a21f375bb78fd3fba745a2e58a2355912767",
      "version-date": "2025-04-05",
      "port-version": 0
    },
    {
      "git-tree": "c7d017ccabcaf02739662b60cc1000b8489acb22",
      "version-date": "2024-09-29",
      "port-version": 0
    },
    {
      "git-tree": "9205135e78e0cad47fd43c2f7abada1f4fbbdbaa",
      "version-date": "2024-01-24",
      "port-version": 0
    },
    {
      "git-tree": "b6f23effcf3057ccc837f864b9207b651209e608",
      "version-date": "2024-01-02",
      "port-version": 0
    },
    {
      "git-tree": "80e0cf9d38d72126b34eb1ee9b33f936c778a696",
      "version-date": "2023-07-28",
      "port-version": 0
    },
    {
      "git-tree": "e65762bfef05a4d380bb171409c48a694fb35435",
      "version-date": "2022-06-30",
      "port-version": 0
    },
    {
      "git-tree": "ffe13ab59e3e2f4f003498035bc1fbc06b64e164",
      "version-date": "2022-04-11",
      "port-version": 1
    },
    {
      "git-tree": "f03d459d365b604decb720f7da79b3f7d7127670",
      "version-date": "2022-04-11",
      "port-version": 0
    },
    {
      "git-tree": "e429a4c957711115ea1b795327843acb05fc8b29",
      "version-date": "2022-02-12",
      "port-version": 0
    }
  ]
}
