{
  "versions": [
    {
      "git-tree": "6d004b33aa9e92c31d1238728de1546712af44d0",
      "version-semver": "16.18.0",
      "port-version": 2
    },
    {
      "git-tree": "2738f551c277a4ac6650e7d140fc36aa26210a63",
      "version-semver": "16.18.0",
      "port-version": 1
    },
    {
      "git-tree": "4d06168d3fdce7bd667e9cbc44adc453167dfbcc",
      "version-semver": "16.18.0",
      "port-version": 0
    },
    {
      "git-tree": "91407db5ac964382618c11765caafc444e684a19",
      "version-semver": "14.17.4",
      "port-version": 0
    }
  ]
}
