{
  "versions": [
    {
      "git-tree": "59296ff30012685f7c9c1d7b0723fc940997a2b1",
      "version": "1.1.0",
      "port-version": 0
    },
    {
      "git-tree": "a803da3fde987d8abc319748c6a599e6ace6e650",
      "version": "1.0",
      "port-version": 4
    },
    {
      "git-tree": "b3d55a4cdc5320d704eba7c458eed48fe0d59dff",
      "version-string": "1.0",
      "port-version": 3
    },
    {
      "git-tree": "43d203cd2d29553c9f00cea2d08fe8dba4e6c7e1",
      "version-string": "1.0",
      "port-version": 2
    },
    {
      "git-tree": "3e024a1126ec62c4f17e2a2d2a6a6367e24d45de",
      "version-string": "1.0-1",
      "port-version": 0
    },
    {
      "git-tree": "da5810a31388ed03f9edd48ac57e1a2f3bda0b3a",
      "version-string": "1.0",
      "port-version": 0
    }
  ]
}
