{
  "versions": [
    {
      "git-tree": "f038baf96536e3865f387943f07900527936699f",
      "version": "1.4.309.0",
      "port-version": 0
    },
    {
      "git-tree": "f8679a3152361fb2851d7b30212592bd05e7d570",
      "version": "1.4.304.1",
      "port-version": 0
    },
    {
      "git-tree": "08b6d8c17d45a8589852222ac39653ca1eeeece8",
      "version": "1.4.304",
      "port-version": 0
    },
    {
      "git-tree": "61510725dc5e5580f3c57a2939131e64519c3eef",
      "version": "1.3.296",
      "port-version": 0
    },
    {
      "git-tree": "19f1fa697f50ea058f29a73545b1b1efef436404",
      "version": "1.3.295",
      "port-version": 0
    },
    {
      "git-tree": "56353a3a753c281b7ca9e51efc7694034b79bd1e",
      "version": "1.3.290.0",
      "port-version": 0
    },
    {
      "git-tree": "13daa91414db9749d182f74b9655ffed94917569",
      "version": "1.3.280.0",
      "port-version": 0
    },
    {
      "git-tree": "707ef05c176dde719096f9737b77ce51390c951d",
      "version": "1.3.275.0",
      "port-version": 0
    },
    {
      "git-tree": "8b2d72fd71caeb51d471a390221f70dfe27fd803",
      "version": "1.3.250",
      "port-version": 0
    },
    {
      "git-tree": "0b1961a45b266c648b63febbe13d717ec65007c3",
      "version": "1.3.233",
      "port-version": 1
    },
    {
      "git-tree": "1a140486e53637d3cddbf7ae5052a871e489cb8b",
      "version": "1.3.233",
      "port-version": 0
    },
    {
      "git-tree": "c3c879b8f9516e71bcad0365c64b9c993ec6b254",
      "version": "1.3.204",
      "port-version": 1
    },
    {
      "git-tree": "83175cabc17042125828c2e0230f75b60d140cc0",
      "version": "1.3.204",
      "port-version": 0
    },
    {
      "git-tree": "0018a72c45ad8b5f9776d41ff067292b73cb7a31",
      "version-string": "2019-09-26",
      "port-version": 1
    },
    {
      "git-tree": "9e40bb5aadc282b6738223dbddbe61fc2db964f9",
      "version-string": "2019-09-26",
      "port-version": 0
    },
    {
      "git-tree": "abfe3c79ce18403d5fe7df4229a47b003daeb402",
      "version-string": "2019-09-03",
      "port-version": 0
    }
  ]
}
