{
  "versions": [
    {
      "git-tree": "22e382e620d49854bd068472c49e1e7ac237ab94",
      "version": "9.10.0",
      "port-version": 3
    },
    {
      "git-tree": "2560cff82bef838fbec9ca450d55288a1eab3449",
      "version": "9.10.0",
      "port-version": 2
    },
    {
      "git-tree": "4ff2bed5d4a52c10a5655a55f0166f83bdbc4293",
      "version": "9.10.0",
      "port-version": 1
    },
    {
      "git-tree": "4d38379dd56ce81943770adad88ca2b35814791f",
      "version": "9.10.0",
      "port-version": 0
    },
    {
      "git-tree": "67f9b52b83a34f59c3dd20cff11d2c968149bbfc",
      "version": "9.8.0",
      "port-version": 2
    },
    {
      "git-tree": "26041121b5911f0f6fb2e755b74747ce3dd2a371",
      "version": "9.8.0",
      "port-version": 1
    },
    {
      "git-tree": "ed8289aedc37dbd955273a2f211451a44e54d702",
      "version": "9.8.0",
      "port-version": 0
    },
    {
      "git-tree": "93cd564360ea4185d144f884ffa817fd97f19458",
      "version": "9.6.0",
      "port-version": 0
    },
    {
      "git-tree": "e78d44b4949b1d3d2e11f177f8638952c61d711e",
      "version": "9.5.0",
      "port-version": 1
    },
    {
      "git-tree": "1c4abceff85b2e9257c68742f509cbf4f4858c7d",
      "version": "9.5.0",
      "port-version": 0
    }
  ]
}
