{
  "versions": [
    {
      "git-tree": "6d758a06fe8b227f7a811d5302ba0e2d103597af",
      "version-semver": "9.3.0-pv5.12.1",
      "port-version": 12
    },
    {
      "git-tree": "3620525a0afaa547939a9a1e749a066de885f127",
      "version-semver": "9.3.0-pv5.12.1",
      "port-version": 11
    },
    {
      "git-tree": "b7928813ee0f0708862ee2d419638b685a5a1c4f",
      "version-semver": "9.3.0-pv5.12.1",
      "port-version": 10
    },
    {
      "git-tree": "84460a0060d3289c25e17e2837e4de4329051fbb",
      "version-semver": "9.3.0-pv5.12.1",
      "port-version": 9
    },
    {
      "git-tree": "e6cc414fbc70c98a2e34478e6238539ac8534ac6",
      "version-semver": "9.3.0-pv5.12.1",
      "port-version": 8
    },
    {
      "git-tree": "99106a39e2e8608b7a33f937bdaa62be93fdbbca",
      "version-semver": "9.3.0-pv5.12.1",
      "port-version": 7
    },
    {
      "git-tree": "5727b06657959909b4ffe7608c3d849acb38f286",
      "version-semver": "9.3.0-pv5.12.1",
      "port-version": 6
    },
    {
      "git-tree": "99581eb538d39550007d25865540db2a368e3edb",
      "version-semver": "9.3.0-pv5.12.1",
      "port-version": 5
    },
    {
      "git-tree": "f66a99e8c041f8e084d2871c3cc1d48146ca90f0",
      "version-semver": "9.3.0-pv5.12.1",
      "port-version": 4
    },
    {
      "git-tree": "dbdb5ecd3e43e28d167883d384b471f65eb59012",
      "version-semver": "9.3.0-pv5.12.1",
      "port-version": 3
    },
    {
      "git-tree": "0c230cc0e6003a34330671080a7c00f3618c23e4",
      "version-semver": "9.3.0-pv5.12.1",
      "port-version": 2
    },
    {
      "git-tree": "a29da0e8cb31a173e6d7aacf0f1fdfc0f7178744",
      "version-semver": "9.3.0-pv5.12.1",
      "port-version": 1
    },
    {
      "git-tree": "3e3082989d374dd77c1498762624412872053b05",
      "version-semver": "9.3.0-pv5.12.1",
      "port-version": 0
    },
    {
      "git-tree": "679af6f82484acf134c028480564699523c988ed",
      "version-semver": "9.3.0-pv5.12.0",
      "port-version": 4
    },
    {
      "git-tree": "0bb2f77c2eeff358d3be93b1d5f0d006573137b7",
      "version-semver": "9.3.0-pv5.12.0",
      "port-version": 3
    },
    {
      "git-tree": "a5f26b78563bc7130aa6a5367d6492a8d97ee2d7",
      "version-semver": "9.3.0-pv5.12.0",
      "port-version": 2
    },
    {
      "git-tree": "8450b99263cd711f13ed87705d86dee4ac338e5a",
      "version-semver": "9.3.0-pv5.12.0",
      "port-version": 1
    },
    {
      "git-tree": "aa0dbd73659c3eda9ccce23fe3008683b1a8ec38",
      "version-semver": "9.3.0-pv5.12.0",
      "port-version": 0
    },
    {
      "git-tree": "9f1473cbde3a447a1068779a42704a92b8eecccb",
      "version-semver": "9.2.0-pv5.11.0",
      "port-version": 12
    },
    {
      "git-tree": "e887b758153039453976be1e5d0bc54d537b0417",
      "version-semver": "9.2.0-pv5.11.0",
      "port-version": 11
    },
    {
      "git-tree": "6365f197946995803914141a82c1830d165427b3",
      "version-semver": "9.2.0-pv5.11.0",
      "port-version": 10
    },
    {
      "git-tree": "a2a544c0f17d33ceb785ecd4b263f6f540562974",
      "version-semver": "9.2.0-pv5.11.0",
      "port-version": 9
    },
    {
      "git-tree": "8f707a1fc800b17b84e545a4aa5b9f2c3c28c6d6",
      "version-semver": "9.2.0-pv5.11.0",
      "port-version": 8
    },
    {
      "git-tree": "9ec376669498a8b43b3dc1779386dcc383d7cc1f",
      "version-semver": "9.2.0-pv5.11.0",
      "port-version": 7
    },
    {
      "git-tree": "340d82faf130e467fb4ed6d5e8ce5bf93101513e",
      "version-semver": "9.2.0-pv5.11.0",
      "port-version": 6
    },
    {
      "git-tree": "d58e0bca42952f053f26534bad7771a29a1e16c8",
      "version-semver": "9.2.0-pv5.11.0",
      "port-version": 5
    },
    {
      "git-tree": "1261828e6817fb1dcc11cbb50a257104e87c1e69",
      "version-semver": "9.2.0-pv5.11.0",
      "port-version": 4
    },
    {
      "git-tree": "35bdd05c8d99bc4933c899b76357830bfeebe01a",
      "version-semver": "9.2.0-pv5.11.0",
      "port-version": 3
    },
    {
      "git-tree": "df558a4d65780495ca4ba4710306eb337f23bf93",
      "version-semver": "9.2.0-pv5.11.0",
      "port-version": 2
    },
    {
      "git-tree": "2c7f3430079e884ea0ed88e0696fba5f6a839e5e",
      "version-semver": "9.2.0-pv5.11.0",
      "port-version": 1
    },
    {
      "git-tree": "b5abc532a3af0562e38d66493eb784ee92c44337",
      "version-semver": "9.2.0-pv5.11.0",
      "port-version": 0
    },
    {
      "git-tree": "64cd3c51764272ed1c8acc2d5fa37106d9f76b66",
      "version-semver": "9.0.3-pv5.9.1",
      "port-version": 12
    },
    {
      "git-tree": "3193e1219e09f8f67d2762fa4fe823f4327a1c93",
      "version-semver": "9.0.3-pv5.9.1",
      "port-version": 11
    },
    {
      "git-tree": "6a7eea485be980aa5c9fae1e0a75084f98e5dc27",
      "version-semver": "9.0.3-pv5.9.1",
      "port-version": 10
    },
    {
      "git-tree": "3fa106f1a3c80a3ad15d8db406067c5253decc8e",
      "version-semver": "9.0.3-pv5.9.1",
      "port-version": 9
    },
    {
      "git-tree": "585d1bca8e71d950c6d12ceb6ad720825ecbd704",
      "version-semver": "9.0.3-pv5.9.1",
      "port-version": 8
    },
    {
      "git-tree": "4ba3d3d0db6e98e9a47d8c5c86790da3ef9af25b",
      "version-semver": "9.0.3-pv5.9.1",
      "port-version": 7
    },
    {
      "git-tree": "4a9a03829df133347e358e94e79953ac9d91ae82",
      "version-semver": "9.0.3-pv5.9.1",
      "port-version": 6
    },
    {
      "git-tree": "bd6ac57e684fd8a2234509813248f64a6cb522d5",
      "version-semver": "9.0.3-pv5.9.1",
      "port-version": 5
    },
    {
      "git-tree": "223022edbe63b3ecdb3e9204a4ad63ab61b36ece",
      "version-semver": "9.0.3-pv5.9.1",
      "port-version": 4
    },
    {
      "git-tree": "1b201a8e060b6c2688ccc2e96cae175f2d8af205",
      "version-semver": "9.0.3-pv5.9.1",
      "port-version": 3
    },
    {
      "git-tree": "5e50a05b2ff0cc2f4df601ddb146c75a2f266a6a",
      "version-semver": "9.0.3-pv5.9.1",
      "port-version": 2
    },
    {
      "git-tree": "413d7fcbff9b50e57e486d1249c841a5e25c0def",
      "version-semver": "9.0.3-pv5.9.1",
      "port-version": 1
    },
    {
      "git-tree": "87526609113852b1b1c4a1fdc40c96a61b7c0b47",
      "version-semver": "9.0.3-pv5.9.1",
      "port-version": 0
    },
    {
      "git-tree": "4a64bbb016d5ecf20be3df3bf850748f9f885502",
      "version-string": "9.0.1",
      "port-version": 7
    },
    {
      "git-tree": "78be7ee36f34395e4d5511fd61457c4f7178a438",
      "version-string": "9.0.1",
      "port-version": 6
    },
    {
      "git-tree": "88d95daae73bf5c3413bb18188c81f9ea752e418",
      "version-string": "9.0.1",
      "port-version": 5
    },
    {
      "git-tree": "94667926df104c70c0229cc96b36ec41f3911853",
      "version-string": "9.0.1",
      "port-version": 4
    },
    {
      "git-tree": "6f325c609afb0c171d6d70c965e041f8c7288bd3",
      "version-string": "9.0.1",
      "port-version": 3
    },
    {
      "git-tree": "ec9e66154404b5fdfcacbcc288e7fcd2e37cf900",
      "version-string": "9.0.1",
      "port-version": 2
    },
    {
      "git-tree": "214c9c52a24d9906a7877b6bafdeda7fa0bd2d95",
      "version-string": "9.0.1",
      "port-version": 1
    },
    {
      "git-tree": "589b0babbd041378286258810e20ee9bb4fb7ee8",
      "version-string": "9.0.1",
      "port-version": 0
    },
    {
      "git-tree": "a4e9b96bb147319bd38a8c3e73476191694fda73",
      "version-string": "9.0-4",
      "port-version": 0
    },
    {
      "git-tree": "73fef0a6ed35993d939ee36eed91e10f5c9d2db5",
      "version-string": "9.0-3",
      "port-version": 0
    },
    {
      "git-tree": "33a60763631e4cf1dc162c27b1e27fd027469817",
      "version-string": "9.0-2",
      "port-version": 0
    },
    {
      "git-tree": "a0f552402c5b729ad123ad1038edcedf4932d527",
      "version-string": "9.0-1",
      "port-version": 0
    },
    {
      "git-tree": "6f8f44f36d2fae151a5833573d38e4c5fef0e23f",
      "version-string": "9.0",
      "port-version": 0
    },
    {
      "git-tree": "0a98bca46edc170ca302cc7545d0daf191d4a8e3",
      "version-string": "8.2.0-13",
      "port-version": 0
    },
    {
      "git-tree": "7244954c35575e99b2a08cb7bd97c8b216d5d714",
      "version-string": "8.2.0-12",
      "port-version": 0
    },
    {
      "git-tree": "82d66db2e30c07a8d86fa06ce15fbecc7fcbaa46",
      "version-string": "8.2.0-11",
      "port-version": 0
    },
    {
      "git-tree": "c86b6b71ac054b399a9fcee6f8c54c9aa1c2eade",
      "version-string": "8.2.0-10",
      "port-version": 0
    },
    {
      "git-tree": "5625094c802d33b17cb259f07708bd4cbdbf9385",
      "version-string": "8.2.0-9",
      "port-version": 0
    },
    {
      "git-tree": "6dbb7fe4994b8116313792b3744ee7363e019ade",
      "version-string": "8.2.0-8",
      "port-version": 0
    },
    {
      "git-tree": "a4b9d6db0526781199bb665777b16f41c93966fb",
      "version-string": "8.2.0-7",
      "port-version": 0
    },
    {
      "git-tree": "3d5806c30c47012a6d760bec34740a331fb7b681",
      "version-string": "8.2.0-6",
      "port-version": 0
    },
    {
      "git-tree": "3fc0c0f115d80e4082074accc6e5f4582e39cb94",
      "version-string": "8.2.0-5",
      "port-version": 0
    },
    {
      "git-tree": "90b95379d8ee03b935fb4d78e89725a5304424b7",
      "version-string": "8.2.0-4",
      "port-version": 0
    },
    {
      "git-tree": "ff19ef450a40b99b13fa968e1fc235c04eca5f2b",
      "version-string": "8.2.0-2",
      "port-version": 0
    },
    {
      "git-tree": "8e9924e45a2f03d9ed81e265ef14a35df43c4a66",
      "version-string": "8.2.0-1",
      "port-version": 0
    },
    {
      "git-tree": "ed8be48dd2e94e1e4fa8a9c2b6ec4f1768fd9003",
      "version-string": "8.1.0-7",
      "port-version": 0
    },
    {
      "git-tree": "d5e2b52df97ad323d0c49ebf778623a893594a6c",
      "version-string": "8.1.0-6",
      "port-version": 0
    },
    {
      "git-tree": "b5aa3f784cdcae68b8fe9eb6f66fed80e5c469f7",
      "version-string": "8.1.0-5",
      "port-version": 0
    },
    {
      "git-tree": "dcb50c51f3dd0dd305f94e15f7f9aed2b0d5f5fd",
      "version-string": "8.1.0-3",
      "port-version": 0
    },
    {
      "git-tree": "bbb19208f0fa9504a9361a6dbc6e30675ddf019a",
      "version-string": "8.1.0-2",
      "port-version": 0
    },
    {
      "git-tree": "fa8155fdeb16f9863103989641a525460a5ff186",
      "version-string": "8.1.0-1",
      "port-version": 0
    },
    {
      "git-tree": "82401171f8160381845c756f008513c1bc70a669",
      "version-string": "8.1.0",
      "port-version": 0
    },
    {
      "git-tree": "26515433bee5ab9596dd581c44229c6ad3256392",
      "version-string": "8.0.1-6",
      "port-version": 0
    },
    {
      "git-tree": "8132de1fe3a3fa065b050d8a52dbb0b8e5cafdba",
      "version-string": "8.0.1-5",
      "port-version": 0
    },
    {
      "git-tree": "1a7fda25b9fc315bf4e5bd164739169c7146e0fc",
      "version-string": "8.0.1-4",
      "port-version": 0
    },
    {
      "git-tree": "f203efaf7a5061f69b1aa0f229f24e1067fac0c0",
      "version-string": "8.0.1-3",
      "port-version": 0
    },
    {
      "git-tree": "2d948665c853eb6b451431510da3c2f4f094ad23",
      "version-string": "8.0.1-2",
      "port-version": 0
    },
    {
      "git-tree": "0ce2644dc2345ea552966caef2ff80a81fcae2b3",
      "version-string": "8.0.1-1",
      "port-version": 0
    },
    {
      "git-tree": "8f5a6713961b0a5a247637d28d8483ef1962b8f6",
      "version-string": "8.0.1",
      "port-version": 0
    },
    {
      "git-tree": "a621ebe05e8a27394435b08e0e8bc908894e51db",
      "version-string": "8.0.0-3",
      "port-version": 0
    },
    {
      "git-tree": "a7c2f75d10fd65f60e4fbad7f9bd75e7e5b89c71",
      "version-string": "8.0.0-2",
      "port-version": 0
    },
    {
      "git-tree": "0e149d3927589a95767139ba103187615a75db44",
      "version-string": "8.0.0-1",
      "port-version": 0
    },
    {
      "git-tree": "3c40d8a6fc276c32efb353508035d01cdb55af76",
      "version-string": "8.0.0",
      "port-version": 0
    },
    {
      "git-tree": "fdb07b54be26757cfec7483f09924ffa14bff591",
      "version-string": "7.1.1-1",
      "port-version": 0
    },
    {
      "git-tree": "6eb26cb520be79ac7f7277679dc04780f30a74f8",
      "version-string": "7.1.1",
      "port-version": 0
    },
    {
      "git-tree": "b93adc665c1a6245a14ee6cbb2ba8d266149da52",
      "version-string": "7.1.0",
      "port-version": 0
    }
  ]
}
