{
  "versions": [
    {
      "git-tree": "b7d36ff535cf43f24afaec43d86ca5b9145456bb",
      "version": "1.4.309.0",
      "port-version": 0
    },
    {
      "git-tree": "fcdf63adddcd20343e1847def6d582642dc88bb9",
      "version": "1.4.304.1",
      "port-version": 1
    },
    {
      "git-tree": "2a602f3980b1aa7a402a6abec00c69d90cd10da2",
      "version": "1.4.304.1",
      "port-version": 0
    },
    {
      "git-tree": "3aff72c7c0bdbfd6a72658deff629b5b8710869a",
      "version": "1.4.304.0",
      "port-version": 0
    },
    {
      "git-tree": "4dd5a13664c79d5df78837e35061568ad41c07a8",
      "version": "1.3.296.0",
      "port-version": 0
    },
    {
      "git-tree": "3335b4bdf60e3c09fafd8541329aba7c275c5a1a",
      "version": "1.3.290.0",
      "port-version": 1
    },
    {
      "git-tree": "5f50e6d2867d888fdcb9e2a467731948e4ed36f5",
      "version": "1.3.290.0",
      "port-version": 0
    },
    {
      "git-tree": "47ec3d0d82ea8e9428d59b4c3428ca43cb5ea4c8",
      "version": "1.3.280.0",
      "port-version": 0
    },
    {
      "git-tree": "5fd55b5328f4cc92680685bb3492092e7a919fbe",
      "version": "1.3.275.0",
      "port-version": 0
    },
    {
      "git-tree": "ffd9715c99bc1d2b115a27616e17319ab10d47d2",
      "version": "1.3.268.0",
      "port-version": 0
    },
    {
      "git-tree": "4a67e5648f3203af599c115390d12fceb828b8fa",
      "version": "1.3.260",
      "port-version": 0
    },
    {
      "git-tree": "58c480d0beaa5a34988bd99c452a6fcbfe08721a",
      "version": "1.3.250",
      "port-version": 2
    },
    {
      "git-tree": "535abf6f9fe02ff97da42e5594a4c1fd55190ec1",
      "version": "1.3.243",
      "port-version": 2
    },
    {
      "git-tree": "d0e10b5347c26f2917d90b107a6177af1c270b65",
      "version": "1.3.239",
      "port-version": 2
    },
    {
      "git-tree": "052634f8b28833b2d5302a0b4437031908eecde6",
      "version": "1.3.239",
      "port-version": 1
    },
    {
      "git-tree": "f7ca3a0cb7523e883530931e29520c17d42352e9",
      "version": "1.3.239",
      "port-version": 0
    },
    {
      "git-tree": "7d23bba2a37b43eab6af9748934187d6d7ebebf6",
      "version": "1.3.238",
      "port-version": 0
    },
    {
      "git-tree": "6004a732ca5a141020fd8d7071b8ae321a25e428",
      "version": "1.3.234",
      "port-version": 0
    },
    {
      "git-tree": "91d99bf9fe3492ffda0fbb13befda47b00ae388a",
      "version": "1.3.224",
      "port-version": 0
    },
    {
      "git-tree": "b5192b1575959f03e204edc4712351461b6a2c23",
      "version": "1.2.203",
      "port-version": 0
    },
    {
      "git-tree": "67ab6950d3e363975e70de04b73c39a35db721b3",
      "version-semver": "1.2.184",
      "port-version": 0
    },
    {
      "git-tree": "2bfc0cee813eec4db22084402370b7e40556027e",
      "version-string": "1.2.157",
      "port-version": 0
    }
  ]
}
