{
  "versions": [
    {
      "git-tree": "67c2d8e4b781d617803afb86c11f5d7953dafd71",
      "version": "1.4.309.0",
      "port-version": 0
    },
    {
      "git-tree": "5d4278e88716efb2b09d51f8abcf6e971624cec0",
      "version": "1.4.304.1",
      "port-version": 0
    },
    {
      "git-tree": "03920349966b9e60c34b8fff5b7ad63330894899",
      "version": "1.4.304.0",
      "port-version": 0
    },
    {
      "git-tree": "93913bad76f726fbd8cd239ce8227db3245b2de7",
      "version": "1.3.296.0",
      "port-version": 0
    },
    {
      "git-tree": "08ea5f84250843428fab203e3f3bc59bc1502aec",
      "version": "1.3.290.0",
      "port-version": 0
    },
    {
      "git-tree": "45f0b25ccd24fa502014a9333f68ae9c3d844300",
      "version": "1.3.280.0",
      "port-version": 0
    },
    {
      "git-tree": "9e3c7cb8b034a637486a7a2fb1c695771170cb5d",
      "version": "1.3.275.0",
      "port-version": 0
    },
    {
      "git-tree": "993862940154ca8e6692e31ad7387261566ca757",
      "version": "1.3.268.0",
      "port-version": 0
    }
  ]
}
