{
  "versions": [
    {
      "git-tree": "726011480060e48c4b9fe13e9a20fc09704ceab3",
      "version": "1.4.309.0",
      "port-version": 0
    },
    {
      "git-tree": "676bed9bd226f397730c88fee681dd30a30c11ac",
      "version": "1.4.304.1",
      "port-version": 0
    },
    {
      "git-tree": "2e9b36c179d2dc38e191111d4c8e90a22331df68",
      "version": "1.4.304.0",
      "port-version": 0
    },
    {
      "git-tree": "33f33fe290428ff835bc09e8c0e1f536606b5af2",
      "version": "1.3.296.0",
      "port-version": 0
    }
  ]
}
