{
  "versions": [
    {
      "git-tree": "50476d8ba9c81c18f41a401eeb57d830e9719415",
      "version": "1.4.309.0",
      "port-version": 2
    },
    {
      "git-tree": "e6ba423593d811ee8a3598cd91fd2919a4a41bc4",
      "version": "1.4.309.0",
      "port-version": 1
    },
    {
      "git-tree": "afb73e0a27223a20bf5b3e59e2bae972a8c3a645",
      "version": "1.4.309.0",
      "port-version": 0
    },
    {
      "git-tree": "289901bb5f8c0556eff1349905adefde912ee81d",
      "version": "1.4.304.1",
      "port-version": 0
    },
    {
      "git-tree": "385913dfdb511b2378d562ec34ad8177eeadc4a7",
      "version": "1.4.304.0",
      "port-version": 0
    },
    {
      "git-tree": "f96603152b3334e095d5e365effab5588f875000",
      "version": "1.3.296.0",
      "port-version": 0
    },
    {
      "git-tree": "587eccab043d27e654b2d48091677f08fb099233",
      "version": "1.3.290.0",
      "port-version": 0
    },
    {
      "git-tree": "f2b6ac616463bb279cb0677885ab70c8c734f3bd",
      "version": "1.3.280.0",
      "port-version": 0
    },
    {
      "git-tree": "53fab978fa1af1363dd629deaedda328acafa01e",
      "version": "1.3.275.0",
      "port-version": 0
    },
    {
      "git-tree": "058ede4fd9458f7fc471ea3663e4e8e6f455f638",
      "version": "1.3.268.0",
      "port-version": 0
    }
  ]
}
