{
  "versions": [
    {
      "git-tree": "5678400bc3c92ba662f6678f51dc6ee1e1d6ece0",
      "version": "3.5.0",
      "port-version": 0
    },
    {
      "git-tree": "53a9a629f70fb7bb7e488b889b1608eac9d3411e",
      "version": "2.0.2",
      "port-version": 7
    },
    {
      "git-tree": "e95b8d14bcd34f4aa98ba08d85af98b14911d40b",
      "version": "2.0.2",
      "port-version": 6
    },
    {
      "git-tree": "63c0db04d12a2dbe25a0ec754983ca25415e3b38",
      "version": "2.0.2",
      "port-version": 5
    },
    {
      "git-tree": "7a84f7e74335e755ba16066fa148e3d30a9d5af5",
      "version": "2.0.2",
      "port-version": 4
    },
    {
      "git-tree": "dd1be33b316bf4d081b89e1dd4a729ddfc09a8a6",
      "version-string": "2.0.2",
      "port-version": 3
    },
    {
      "git-tree": "fefdd1e45140fa292b0f597ae2ef658731f95b18",
      "version-string": "2.0.2",
      "port-version": 2
    },
    {
      "git-tree": "ee7fcf9f131d14db523eabd68494601deba24361",
      "version-string": "2.0.2",
      "port-version": 1
    },
    {
      "git-tree": "a3673fb476501793910afb7f06dc644f93679228",
      "version-string": "2.0.2",
      "port-version": 0
    },
    {
      "git-tree": "f0836e2cd5a5cf43dd5ea707237c74ac9b4ae557",
      "version-string": "v1.18.0-4",
      "port-version": 0
    },
    {
      "git-tree": "b9c00596aced831c75a0c4f9589f305645f15182",
      "version-string": "v1.18.0-3",
      "port-version": 0
    },
    {
      "git-tree": "9c69d40cd32f205a40bf91855ca095c86a545d63",
      "version-string": "v1.18.0-2",
      "port-version": 0
    },
    {
      "git-tree": "1e5ac28eb237d1700182e37c98db7e8cb553b01a",
      "version-string": "v1.18.0-1",
      "port-version": 0
    },
    {
      "git-tree": "c9490f087a76c77dd9e4ba23d3c8bb6ba5d1a250",
      "version-string": "20180414-7a130cf-1",
      "port-version": 0
    },
    {
      "git-tree": "495a0bcaa231545503d242682e0e712dba8901d2",
      "version-string": "20180414-7a130cf",
      "port-version": 0
    }
  ]
}
