{
  "$comment": "Automatically generated by scripts/boost/generate-ports.ps1",
  "name": "boost-multi-array",
  "version": "1.85.0",
  "port-version": 1,
  "description": "Boost multi_array module",
  "homepage": "https://www.boost.org/libs/multi_array",
  "license": "BSL-1.0",
  "dependencies": [
    {
      "name": "boost-array",
      "version>=": "1.85.0"
    },
    {
      "name": "boost-assert",
      "version>=": "1.85.0"
    },
    {
      "name": "boost-cmake",
      "version>=": "1.85.0"
    },
    {
      "name": "boost-concept-check",
      "version>=": "1.85.0"
    },
    {
      "name": "boost-config",
      "version>=": "1.85.0"
    },
    {
      "name": "boost-core",
      "version>=": "1.85.0"
    },
    {
      "name": "boost-functional",
      "version>=": "1.85.0"
    },
    {
      "name": "boost-headers",
      "version>=": "1.85.0"
    },
    {
      "name": "boost-iterator",
      "version>=": "1.85.0"
    },
    {
      "name": "boost-mpl",
      "version>=": "1.85.0"
    },
    {
      "name": "boost-static-assert",
      "version>=": "1.85.0"
    },
    {
      "name": "boost-type-traits",
      "version>=": "1.85.0"
    }
  ]
}
