{
  "name": "boost-iterator",
  "version": "1.80.0",
  "description": "Boost iterator module",
  "homepage": "https://github.com/boostorg/iterator",
  "license": "BSL-1.0",
  "dependencies": [
    "boost-assert",
    "boost-concept-check",
    "boost-config",
    "boost-conversion",
    "boost-core",
    "boost-detail",
    "boost-function-types",
    "boost-fusion",
    "boost-mpl",
    "boost-optional",
    "boost-smart-ptr",
    "boost-static-assert",
    "boost-type-traits",
    "boost-utility",
    "boost-vcpkg-helpers"
  ]
}
