{
  "versions": [
    {
      "git-tree": "2b7d400f70aa02dce42d1fd95b74044b1bd413ee",
      "version-semver": "0.7.0",
      "port-version": 2
    },
    {
      "git-tree": "8a329e81cae8c0e9f5dc9c0f9921c3a1e2db706d",
      "version-semver": "0.7.0",
      "port-version": 1
    },
    {
      "git-tree": "7b0bbe0b96ee8a4f4bffc825ada7b9c713468307",
      "version-semver": "0.7.0",
      "port-version": 0
    },
    {
      "git-tree": "66b3f5f6f74acba54c8ab222118d0ae91a726299",
      "version-string": "0.5.1-1",
      "port-version": 0
    },
    {
      "git-tree": "0aaed008f2209dcf4dd6b3d1f44d30320e5f4e41",
      "version-string": "0.5.1",
      "port-version": 0
    }
  ]
}
