{
  "versions": [
    {
      "git-tree": "b91151a54db723a66541029866bd3011e405ade9",
      "version": "2.1",
      "port-version": 7
    },
    {
      "git-tree": "6d6f0004f10c5977c83106a38debd04554a4b4a7",
      "version": "2.1",
      "port-version": 6
    },
    {
      "git-tree": "fa2f967c15904877cd541d3c9d59f0c2f20f3fb4",
      "version-string": "2.1",
      "port-version": 5
    },
    {
      "git-tree": "540956fe79520b0ffd46dea73e33d1dfe12da22a",
      "version-string": "2.1-4",
      "port-version": 0
    },
    {
      "git-tree": "da3de318445901bae43c0997dbeb64657fbff3ed",
      "version-string": "2.1-3",
      "port-version": 0
    },
    {
      "git-tree": "7adb6a445ffd72a81d43b0e8feb4cad44d25c964",
      "version-string": "2.1-2",
      "port-version": 0
    },
    {
      "git-tree": "f42860e0b08002012bc6452f505457713062cef6",
      "version-string": "2.1-1",
      "port-version": 0
    },
    {
      "git-tree": "828dbab825dafcb193e08b05cd1276e6a936b832",
      "version-string": "2.1",
      "port-version": 0
    }
  ]
}
