{
  "versions": [
    {
      "git-tree": "d34cf9e520c5866b3facce621e46e438eb1b31c5",
      "version": "0.20",
      "port-version": 0
    },
    {
      "git-tree": "ff97df9b9703a6314f50e608b155efb780d6deb7",
      "version": "0.19",
      "port-version": 3
    },
    {
      "git-tree": "4622bedc189a466db46f55ab78e895b2c2eb4fef",
      "version": "0.19",
      "port-version": 2
    },
    {
      "git-tree": "e60aa2c30fefe1269d1d8a6fede748cfa5736aed",
      "version-string": "0.19",
      "port-version": 1
    },
    {
      "git-tree": "055013875225acf1e33c26a6c127f5d89ccb0583",
      "version-string": "0.19",
      "port-version": 0
    },
    {
      "git-tree": "1fb2623dc417a1c907cb43de0f226f5c8314595a",
      "version-string": "0.17",
      "port-version": 0
    },
    {
      "git-tree": "afbda476255a8de7705f284e1539fbee63c20d71",
      "version-string": "0.16-1",
      "port-version": 0
    },
    {
      "git-tree": "3989bb1cf3350ec7f06fb55e056124809f48d17e",
      "version-string": "0.16",
      "port-version": 0
    },
    {
      "git-tree": "5283bf24807d465b455cf2629e8fa5eac7e39c96",
      "version-string": "0.13",
      "port-version": 0
    }
  ]
}
