Count;;;N NI;;;Count of objects available in this stream created by MediaInfo when analyzing file. This is mostly for internal use
Status;;;N NI;;;Status of bit field when parsing. Options are: 0=IsAccepted, 1=IsFilled, 2=IsUpdated, 3=IsFinished. This is mostly for internal use
StreamCount;;;N NI;;;Total number of streams available for this StreamKind. Counting starts at 1
StreamKind;Image;;N NT;;;Name of stream type. Options are: Audio, General, Image, Menu, Other, Text, or Video
StreamKind/String;;;N NT;;;Name of stream type. Options are: Audio, General, Image, Menu, Other, Text, or Video
StreamKindID;;;N NI;;;Identification number for stream, assigned in order of parsing. Counting starts at 0
StreamKindPos;;;N NI;;;Identification number for stream when multiple, assigned in order of parsing. Counting starts at 1
StreamOrder;;;N YIY;;;Stream order in the file for type of stream. Counting starts at 0
FirstPacketOrder;;;N NIY;;;Order of the first fully decodable packet parsed in the file for stream type. Counting starts at 0
Inform;;;N NT;;;Last **Inform** call. This is mostly for internal use
ID;;;N YTY;;;The identification number for this stream in this file
ID/String;;;Y NT;;;The identification number for this stream in this file (String format)
OriginalSourceMedium_ID;;;N YTY;;;Identification for this stream in the original medium of the material
OriginalSourceMedium_ID/String;;;Y NT;;;Identification for this stream in the original medium of the material (String format)
UniqueID;;;N YTY;;;The unique ID for this stream, should be copied with stream copy
UniqueID/String;;;Y NT;;;The unique ID for this stream, should be copied with stream copy
MenuID;;;N YTY;;;The menu ID for this stream in this file
MenuID/String;;;Y NT;;;The menu ID for this stream in this file
Title;;;Y YTY;;;Title of track
Format;;;N YTY;;;Format used
Format/String;;;Y NT;;;Format used and any additional features or settings
Format/Info;;;Y NT;;;More details about the identified Format
Format/Url;;;N NT;;;Link to a description of this format
Format_Commercial;;;N NT;;;Commercial name used by vendor for these settings or Format field if there is no difference
Format_Commercial_IfAny;;;Y YTY;;;Commercial name used by vendor for these settings, if available
Format_Version;;;Y NTY;;;Version for the identified format
Format_Profile;;;Y NTY;;;Profile of the Format
Format_Settings_Endianness;;;N YTY;;;Order of bytes required for decoding. Options are Big/Little
Format_Settings_Packing;;;N YTY;;;Data packing method used in DPX frames (e.g. Packed, Filled A, Filled B)
Format_Compression;;;Y YTY;;;Compression method used
Format_Settings;;;Y NT;;;Settings used and required by decoder
Format_Settings_Wrapping;;;Y YTY;;;Wrapping mode set for format (e.g. Frame, Clip)
Format_AdditionalFeatures;;;N YTY;;;Format features needed for fully supporting the content
InternetMediaType;;;N YT;;;Internet Media Type (aka MIME Type, Content-Type)
CodecID;;;Y YTY;;;Codec identifier as indicated by the container
CodecID/String;;;Y NT;;;Codec identifier, as indicated by the container
CodecID/Info;;;Y NT;;;More information about this codec identifier
CodecID/Hint;;;Y NT;;;Common alternative names for this codec identifier
CodecID/Url;;;N NT;;;A link to more details about this codec identifier
CodecID_Description;;;Y YT;;;Codec description, as defined by the container
Codec;;;N NT;;;Deprecated, do not use in new projects
Codec/String;;;N NT;;;Deprecated, do not use in new projects
Codec/Family;;;N NT;;;Deprecated, do not use in new projects
Codec/Info;;;N NT;;;Deprecated, do not use in new projects
Codec/Url;;;N NT;;;Deprecated, do not use in new projects
Width;; pixel;N YIY;;;Width of frame (trimmed to "clean aperture" size if present) in pixels, as integer (e.g. 1920)
Width/String;;;Y NT;;;Width of frame (trimmed to "clean aperture" size if present) in pixels, presented in SI unit digit spacing style, with measurement (e.g. 1 920 pixels)
Width_Offset;; pixel;N YIY;;;Offset between original width and displayed width, in pixels
Width_Offset/String;;;N NT;;;Offset between original width and displayed width, in pixels
Width_Original;; pixel;N YIY;;;Width of frame (not including aperture size if present) in pixels, presented as integer (e.g. 1920)
Width_Original/String;;;Y NT;;;Width of frame (not including aperture size if present) in pixels, present in SI unit digit spacing style, with measurement (e.g. 1 920 pixels)
Height;; pixel;N YIY;;;Height of frame (including aperture size if present) in pixels, presented as integer (e.g. 1080)
Height/String;;;Y NT;;;Height of frame (including aperture size if present) in pixels, present in SI unit digit spacing style, with measurement (e.g. 1 080 pixels)
Height_Offset;; pixel;N YIY;;;Offset between original height and displayed height, in pixels
Height_Offset/String;;;N NT;;;Offset between original height and displayed height, in pixels
Height_Original;; pixel;N YIY;;;Height of frame (not including aperture size if present) in pixels, presented as integer (e.g. 1080)
Height_Original/String;;;Y NT;;;Height of frame (not including aperture size if present) in pixels, present in SI unit digit spacing style, with measurement (e.g. 1 080 pixels)
PixelAspectRatio;;;N YFY;;;Pixel Aspect ratio
PixelAspectRatio/String;;;N NT;;;Pixel Aspect ratio
PixelAspectRatio_Original;;;N YFY;;;Original (in the raw stream) Pixel Aspect ratio
PixelAspectRatio_Original/String;;;N NT;;;Original (in the raw stream) Pixel Aspect ratio
DisplayAspectRatio;;;N YFY;;;The proportional relationship between the width and height of a frame (e.g. 4:3)
DisplayAspectRatio/String;;;Y NT;;;The proportional relationship between the width and height of a frame (e.g. 4:3)
DisplayAspectRatio_Original;;;N YFY;;;The proportional relationship between the width and height of a frame (e.g. 4:3)
DisplayAspectRatio_Original/String;;;Y NT;;;The proportional relationship between the width and height of a frame (e.g. 4:3)
ColorSpace;;;Y YTY;;;Color profile of the image (e.g. YUV)
ChromaSubsampling;;;Y YTY;;;Ratio of chroma to luma in encoded image (e.g. 4:2:2)
Resolution;; bit;N NI;;;Deprecated, do not use in new projects
Resolution/String;;;N NT;;;Deprecated, do not use in new projects
BitDepth;; bit;N YIY;;;Color information stored in the frame, as integer (e.g. 10)
BitDepth/String;;;Y NT;;;Color information stored in the frame, as string (e.g. 10 bits)
Compression_Mode;;;N YTY;;;Compression mode (Lossy, Lossless)
Compression_Mode/String;;;Y NT;;;Compression mode (Lossy, Lossless)
Compression_Ratio;;;Y NF;;;Stream size divided by uncompressed stream size
StreamSize;; byte;N YIY;;;Size of this stream, in bytes
StreamSize/String;;;Y NT;;;Size of this stream, with measurement (measured in powers of 1024) and percentage value (e.g. 10.5 MiB (98%))
StreamSize/String1;;;N NT;;;Size of this stream, with measurement (measured in powers of 1024) rounded to the nearest integer (e.g. 11 MiB)
StreamSize/String2;;;N NT;;;Size of this stream, measurement (measured in powers of 1024) rounded to the two most significant digits (e.g. 11 MiB)
StreamSize/String3;;;N NT;;;Size of this stream, measurement (measured in powers of 1024) rounded to the three most significant digits (e.g. 10.5 MiB)
StreamSize/String4;;;N NT;;;Size of this stream, measurement (measured in powers of 1024) rounded to the four most significant digits (e.g. 10.50 MiB)
StreamSize/String5;;;N NT;;;Size of this stream, with measurement (measured in powers of 1024) and percentage value (e.g. 10.5 MiB (98%))
StreamSize_Proportion;;;N NT;;;Size of this stream divided by total file size
StreamSize_Demuxed;; byte;N NIN;;;Size of this stream after demuxing, in bytes
StreamSize_Demuxed/String;;;N NT;;;Size of this stream after demuxing, with measurement (measured in powers of 1024) and percentage value (e.g. 10.5 MiB (98%))
StreamSize_Demuxed/String1;;;N NT;;;Size of this stream after demuxing, with measurement (measured in powers of 1024) rounded to the nearest integer (e.g. 11 MiB)
StreamSize_Demuxed/String2;;;N NT;;;Size of this stream after demuxing, measurement (measured in powers of 1024) rounded to the two most significant digits (e.g. 11 MiB)
StreamSize_Demuxed/String3;;;N NT;;;Size of this stream after demuxing, measurement (measured in powers of 1024) rounded to the three most significant digits (e.g. 10.5 MiB)
StreamSize_Demuxed/String4;;;N NT;;;Size of this stream after demuxing, measurement (measured in powers of 1024) rounded to the four most significant digits (e.g. 10.50 MiB)
StreamSize_Demuxed/String5;;;N NT;;;Size of this stream after demuxing, with measurement (measured in powers of 1024) and percentage value (e.g. 10.5 MiB (98%))
Encoded_Library;;;N YTY;;;Software used to create the file;;Technical
Encoded_Library/String;;;Y NT;;;Software used to create the file, in the format "CompanyName ProductName (OperatingSystem) Version (Date)";;Technical
Encoded_Library_Name;;;N YTY;;;Name of the encoding software;;Technical
Encoded_Library_Version;;;N YTY;;;Version of the encoding software;;Technical
Encoded_Library_Date;;;N YTY;;;Release date of the encoding software, in UTC;;Technical
Encoded_Library_Settings;;;Y YTY;;;Parameters used by the encoding software;;Technical
Language;;;N YTY;;;Language, formatted as 2-letter ISO 639-1 if exists, else 3-letter ISO 639-2, and with optional ISO 3166-1 country separated by a dash if available (e.g. en, en-US, en-CN)
Language/String;;;Y NT;;;Language, as full name (e.g. English)
Language/String1;;;N NT;;;Language, as full name (e.g. English)
Language/String2;;;N NT;;;Language, formatted as 2-letter ISO 639-1, if exists (e.g. en)
Language/String3;;;N NT;;;Language, formatted as 3-letter ISO 639-2, if exists (e.g. eng)
Language/String4;;;N NT;;;Language, formatted as 2-letter ISO 639-1, if exists, with optional ISO 3166-1 country separated by a dash if available (e.g. en-US)
Language_More;;;Y YTY;;;More information about Language (e.g. Director's Comment)
ServiceKind;;;N YTY;;;Type of assisted service (e.g. visually impaired, commentary, voice over)
ServiceKind/String;;;Y NT;;;Type of assisted service (e.g. visually impaired, commentary, voice over)
Disabled;;Yes;N YTY;;;Set if this stream should not be used (Yes, No)
Disabled/String;;;Y NT;;;Set if this stream should not be used (Yes, No)
Default;;Yes;N YTY;;;Flag set if this stream should be used if no language found matches the user preference (Yes, No)
Default/String;;;Y NT;;;Flag set if this stream should be used if no language found matches the user preference (Yes, No)
Forced;;Yes;N YTY;;;Flag set if this stream should be used regardless of user preferences, often used for sparse subtitle dialogue in an otherwise unsubtitled movie (Yes, No)
Forced/String;;;Y NT;;;Flag set if this stream should be used regardless of user preferences, often used for sparse subtitle dialogue in an otherwise unsubtitled movie (Yes, No)
AlternateGroup;;Yes;N YTY;;;Number of a group in order to provide versions of the same track
AlternateGroup/String;;;Y NT;;;Number of a group in order to provide versions of the same track
Summary;;;N YTY;;;Plot outline or a summary of the story
Encoded_Date;;;Y YTY;;;Time that the encoding of this item was completed, in UTC;;Temporal
Tagged_Date;;;Y YTY;;;Time that the tags were added to this item, in UTC;;Temporal
Encryption;;;Y YTY;;;Whether this stream is encrypted and, if available, how it is encrypted
colour_description_present;;;N YTY;;;Presence of color description (Yes, No)
colour_primaries;;;Y YTY;;;Chromaticity coordinates of the source primaries
transfer_characteristics;;;Y YTY;;;Opto-electronic transfer characteristic of the source picture
matrix_coefficients;;;Y YTY;;;Matrix coefficients used in deriving luma and chroma signals from the green, blue, and red primaries
colour_description_present_Original;;;N YTY;;;Presence of colour description (if incoherencies)
colour_primaries_Original;;;Y YTY;;;Chromaticity coordinates of the source primaries (if incoherencies)
transfer_characteristics_Original;;;Y YTY;;;Opto-electronic transfer characteristic of the source picture (if incoherencies)
matrix_coefficients_Original;;;Y YTY;;;Matrix coefficients used in deriving luma and chroma signals from the green, blue, and red primaries (if incoherencies)
