{
  "$comment": "Automatically generated by scripts/boost/generate-ports.ps1",
  "name": "boost-ratio",
  "version": "1.83.0",
  "description": "Boost ratio module",
  "homepage": "https://github.com/boostorg/ratio",
  "license": "BSL-1.0",
  "dependencies": [
    {
      "name": "boost-config",
      "version>=": "1.83.0"
    },
    {
      "name": "boost-core",
      "version>=": "1.83.0"
    },
    {
      "name": "boost-integer",
      "version>=": "1.83.0"
    },
    {
      "name": "boost-mpl",
      "version>=": "1.83.0"
    },
    {
      "name": "boost-rational",
      "version>=": "1.83.0"
    },
    {
      "name": "boost-static-assert",
      "version>=": "1.83.0"
    },
    {
      "name": "boost-type-traits",
      "version>=": "1.83.0"
    },
    {
      "name": "boost-vcpkg-helpers",
      "version>=": "1.83.0"
    }
  ]
}
