{
  "name": "boost-nowide",
  "version": "1.79.0",
  "description": "Boost nowide module",
  "homepage": "https://github.com/boostorg/nowide",
  "license": "BSL-1.0",
  "dependencies": [
    {
      "name": "boost-build",
      "host": true
    },
    "boost-config",
    {
      "name": "boost-filesystem",
      "platform": "!uwp"
    },
    {
      "name": "boost-modular-build-helper",
      "host": true
    },
    "boost-vcpkg-helpers",
    {
      "name": "vcpkg-cmake",
      "host": true
    }
  ]
}
