{
  "$comment": "Automatically generated by scripts/boost/generate-ports.ps1",
  "name": "boost-units",
  "version": "1.85.0",
  "port-version": 1,
  "description": "Boost units module",
  "homepage": "https://www.boost.org/libs/units",
  "license": "BSL-1.0",
  "dependencies": [
    {
      "name": "boost-assert",
      "version>=": "1.85.0"
    },
    {
      "name": "boost-cmake",
      "version>=": "1.85.0"
    },
    {
      "name": "boost-config",
      "version>=": "1.85.0"
    },
    {
      "name": "boost-core",
      "version>=": "1.85.0"
    },
    {
      "name": "boost-headers",
      "version>=": "1.85.0"
    },
    {
      "name": "boost-integer",
      "version>=": "1.85.0"
    },
    {
      "name": "boost-io",
      "version>=": "1.85.0"
    },
    {
      "name": "boost-lambda",
      "version>=": "1.85.0"
    },
    {
      "name": "boost-math",
      "version>=": "1.85.0"
    },
    {
      "name": "boost-mpl",
      "version>=": "1.85.0"
    },
    {
      "name": "boost-preprocessor",
      "version>=": "1.85.0"
    },
    {
      "name": "boost-static-assert",
      "version>=": "1.85.0"
    },
    {
      "name": "boost-type-traits",
      "version>=": "1.85.0"
    },
    {
      "name": "boost-typeof",
      "version>=": "1.85.0"
    }
  ]
}
