{
  "$comment": "Automatically generated by scripts/boost/generate-ports.ps1",
  "name": "boost-container",
  "version": "1.83.0",
  "description": "Boost container module",
  "homepage": "https://github.com/boostorg/container",
  "license": "BSL-1.0",
  "dependencies": [
    {
      "name": "boost-assert",
      "version>=": "1.83.0"
    },
    {
      "name": "boost-build",
      "host": true,
      "version>=": "1.83.0"
    },
    {
      "name": "boost-config",
      "version>=": "1.83.0"
    },
    {
      "name": "boost-intrusive",
      "version>=": "1.83.0"
    },
    {
      "name": "boost-modular-build-helper",
      "host": true,
      "version>=": "1.83.0"
    },
    {
      "name": "boost-move",
      "version>=": "1.83.0"
    },
    {
      "name": "boost-static-assert",
      "version>=": "1.83.0"
    },
    {
      "name": "boost-vcpkg-helpers",
      "version>=": "1.83.0"
    },
    {
      "name": "vcpkg-cmake",
      "host": true
    }
  ]
}
