{
  "versions": [
    {
      "git-tree": "9f0f05a131132b7cf6e81dff077b22812e42e71a",
      "version": "6.15.0",
      "port-version": 5
    },
    {
      "git-tree": "42f1f18c4f7de32f547eb03a55d669b8bb7fa16f",
      "version": "6.15.0",
      "port-version": 4
    },
    {
      "git-tree": "afebd3545c9b535103677bc20adab17f8612f18d",
      "version": "6.15.0",
      "port-version": 3
    },
    {
      "git-tree": "d1e0262b55b11765e4fe739691fbd4d9650e3dad",
      "version": "6.15.0",
      "port-version": 2
    },
    {
      "git-tree": "60fa91b5b2ee9ae9185c5e0de85ab771fb917dd4",
      "version": "6.15.0",
      "port-version": 1
    },
    {
      "git-tree": "76bb71f86f7f9f4d34e002e65db4ccff572f6a1d",
      "version": "6.15.0",
      "port-version": 0
    },
    {
      "git-tree": "4d586df3f633aafc829fd66b18ad22120a9bbed2",
      "version": "6.12.2",
      "port-version": 3
    },
    {
      "git-tree": "af3970efb060832f60efe9ad00eef7bc0e824a90",
      "version": "6.12.2",
      "port-version": 2
    },
    {
      "git-tree": "746ffa24744bf10e2ce9b04332c8dcde2222ba39",
      "version": "6.12.2",
      "port-version": 1
    },
    {
      "git-tree": "887126d7800fe033a8e70bfa369e0b990434c921",
      "version": "6.12.2",
      "port-version": 0
    },
    {
      "git-tree": "8b816d852610f6ef105eedc49bcbe6ae4881f759",
      "version": "6.11.0",
      "port-version": 3
    },
    {
      "git-tree": "f7fc216f598684b22949d55f2d573137965a4d2d",
      "version": "6.11.0",
      "port-version": 2
    },
    {
      "git-tree": "000785fa5fa81a597b18c374b887ff476182aa50",
      "version": "6.11.0",
      "port-version": 1
    },
    {
      "git-tree": "104efce0932ef1a1e1e01358a442cfff637b285e",
      "version": "6.9.4",
      "port-version": 1
    },
    {
      "git-tree": "e9a9e2df385efc1d41aeea022f88f7e6a07f81ba",
      "version-string": "6.9.4",
      "port-version": 0
    },
    {
      "git-tree": "69ef8d2e6929546c0e8e3103a5badafc31ac775a",
      "version-string": "9.4.0",
      "port-version": 0
    }
  ]
}
