{
  "versions": [
    {
      "git-tree": "66a88107517115154700375894a53a1f03bcfa79",
      "version": "2.2.5",
      "port-version": 1
    },
    {
      "git-tree": "fb025061888502ec37f2b06ea99c5b7873a36e3d",
      "version": "2.2.5",
      "port-version": 0
    },
    {
      "git-tree": "298a9459b41e78d234e1ef0cdb1d4f426014ec58",
      "version": "2.2.4",
      "port-version": 0
    },
    {
      "git-tree": "07d29cf2ac643cf7895ced80bb77b081cb602501",
      "version": "2.2.3",
      "port-version": 0
    },
    {
      "git-tree": "de67e1228f3effe508a68cf6080c6ba6e3343fb0",
      "version": "2.2.2",
      "port-version": 0
    },
    {
      "git-tree": "aae578a84f804d65b63483335d1b74325906cb01",
      "version-semver": "2.2.0",
      "port-version": 0
    },
    {
      "git-tree": "e1c08fdf12013384e9a86e5233245321fea58793",
      "version-semver": "2.1.0",
      "port-version": 0
    }
  ]
}
