{
  "versions": [
    {
      "git-tree": "bc183994ac48b1065f51a6a7d05c10a6eab487cc",
      "version": "3.0.3",
      "port-version": 0
    },
    {
      "git-tree": "320d4418d0cdcf84777100c9a53c170227c3b4dc",
      "version": "3.0.2",
      "port-version": 1
    },
    {
      "git-tree": "11b337b86d5d7f3962cdc06942918607f7bd4489",
      "version": "3.0.2",
      "port-version": 0
    },
    {
      "git-tree": "2f57bd48f2c32dfad7e8a7dc51e167c9e0832848",
      "version": "2.0.0",
      "port-version": 0
    },
    {
      "git-tree": "25a96e0311836a1151731079225a381779fb3a4b",
      "version": "1.0.0",
      "port-version": 0
    }
  ]
}
