{
  "versions": [
    {
      "git-tree": "a29fd7f168a1d2a3de4267941c2e28965ea1125e",
      "version": "1.16.2",
      "port-version": 2
    },
    {
      "git-tree": "53859bc14ee6f5ac022edc297a6569bc880abdec",
      "version": "1.16.2",
      "port-version": 1
    },
    {
      "git-tree": "ef5eaa8192465a6bd08ec9e664f5f2f467295257",
      "version": "1.16.2",
      "port-version": 0
    },
    {
      "git-tree": "ce28359a2d828a06b421d8a7b3841f83d98f0ed4",
      "version": "1.15.8",
      "port-version": 5
    },
    {
      "git-tree": "0d922ac71a87fc0b7ca31eb4820639b887cc2450",
      "version": "1.15.8",
      "port-version": 4
    },
    {
      "git-tree": "86fbdb4cf82ddaf47ec2fd41bf040765b912c589",
      "version": "1.15.8",
      "port-version": 3
    },
    {
      "git-tree": "d91a1718705f5d0d6ba7922cf832759a58469ff8",
      "version": "1.15.8",
      "port-version": 2
    },
    {
      "git-tree": "9104cc6d890ace8c14067e7cbf29c39f7a93b937",
      "version": "1.15.8",
      "port-version": 1
    },
    {
      "git-tree": "a49c03bc95822c2f376e3f3758ac3087a428ddec",
      "version": "1.15.8",
      "port-version": 0
    },
    {
      "git-tree": "1805ee4cbe77b30b7e922f8854acbd7bd3733e83",
      "version": "1.15.2",
      "port-version": 0
    },
    {
      "git-tree": "64987c1349d8190e762e5e7779a8cee15e92b1ef",
      "version": "1.13.18",
      "port-version": 3
    },
    {
      "git-tree": "68f92ce062e5a0bfb408087a34e1c5b7d0a8315a",
      "version": "1.13.18",
      "port-version": 2
    },
    {
      "git-tree": "18e1551271c49540ec2170dcd0d770395717c7c3",
      "version": "1.13.18",
      "port-version": 1
    },
    {
      "git-tree": "dc3215916b8e610dcf6c0777b5ae7a04ed78873b",
      "version": "1.13.18",
      "port-version": 0
    }
  ]
}
