{
  "versions": [
    {
      "git-tree": "283495ddb705b1f8eadcc81aeadfd966ee6c8813",
      "version": "1.3.4",
      "port-version": 0
    },
    {
      "git-tree": "ac34fbcc09f0613c2dc9dbe8a513d29db6d73f6f",
      "version": "1.3.3",
      "port-version": 2
    },
    {
      "git-tree": "b41dd0f27f6eb99b63780eed36a9f3170acd60df",
      "version-string": "1.3.3",
      "port-version": 1
    },
    {
      "git-tree": "06dae04f139744f1065ed1a6ed41631c6a431a5c",
      "version-string": "1.3.3",
      "port-version": 0
    }
  ]
}
