{
  "versions": [
    {
      "git-tree": "e64ccf32dc088e13d253b443cb7fbb3272a3982b",
      "version": "1.5.0",
      "port-version": 0
    },
    {
      "git-tree": "2dc10866ab80c071876660752ac03872f0488f00",
      "version": "1.4.1",
      "port-version": 0
    },
    {
      "git-tree": "924cd332a49b232bf29e9da835f13fec4567182a",
      "version": "1.4.0",
      "port-version": 1
    },
    {
      "git-tree": "b8ea0a5f92ba4b9e24a459711f55c2bb2de0343a",
      "version": "1.4.0",
      "port-version": 0
    },
    {
      "git-tree": "ec17b648e643d563b6f916c0d8026fb646cfb2fe",
      "version": "1.3.0",
      "port-version": 0
    }
  ]
}
