{
  "versions": [
    {
      "git-tree": "b199edaeaf0b2b92a634dfeb1289879ea5eeae7f",
      "version-date": "2025-04-03",
      "port-version": 0
    },
    {
      "git-tree": "c93ddde0a2ee30591dc28b758308ddb4bef60156",
      "version-date": "2024-12-02",
      "port-version": 1
    },
    {
      "git-tree": "bf54dfb76f186cf9b58dfe7d06150667ec54babc",
      "version-date": "2024-12-02",
      "port-version": 0
    },
    {
      "git-tree": "b842f51d9302c1c46491b4481947be89005c3936",
      "version-date": "2024-10-15",
      "port-version": 0
    },
    {
      "git-tree": "785a609b10fad1343aea267a513e8bbd49334fb0",
      "version-date": "2024-02-14",
      "port-version": 1
    },
    {
      "git-tree": "9a81c3f765820ce7b53f4ffbf4f0e4bfba0e4a29",
      "version-date": "2024-02-14",
      "port-version": 0
    },
    {
      "git-tree": "a7b031efa3bb41535fde116ad3cec2674a2764cd",
      "version-date": "2023-12-31",
      "port-version": 0
    },
    {
      "git-tree": "ecd21e108091a293a27869c9c093ad558ffcdc42",
      "version-date": "2022-12-12",
      "port-version": 0
    },
    {
      "git-tree": "383135431007008f6d04e2cfbe55988b06054f15",
      "version-date": "2022-05-18",
      "port-version": 0
    },
    {
      "git-tree": "ebf69755284c5ea16a26b4dbfa4534af962c96a0",
      "version-date": "2022-01-18",
      "port-version": 0
    },
    {
      "git-tree": "d02145b6ed0cbe882bfb75291f832a11ab0582ce",
      "version-string": "jan2021",
      "port-version": 1
    },
    {
      "git-tree": "381e0fc938992c45b9c2000e25bb4265f408ee27",
      "version-string": "jan2021",
      "port-version": 0
    },
    {
      "git-tree": "764e3d177617a6dc0dec55415f7ae1828a40f5a7",
      "version-string": "dec2020b",
      "port-version": 0
    },
    {
      "git-tree": "930a5068c034a9f40f92b7986696bebfed42ca75",
      "version-string": "3.1.6",
      "port-version": 0
    }
  ]
}
