{
  "versions": [
    {
      "git-tree": "94a013e2da65dc9d6eefdc9b163122e49a41645e",
      "version": "1.26",
      "port-version": 0
    },
    {
      "git-tree": "2ae5cd006e6c4a54230bedf848b9fee4960a1af2",
      "version": "1.25",
      "port-version": 0
    },
    {
      "git-tree": "bcace8750d2b6080c63877eed432f8b862501012",
      "version": "1.24",
      "port-version": 0
    },
    {
      "git-tree": "6df6238f6f97735c39e2e9b19d90f3895c4a636b",
      "version": "1.23.2",
      "port-version": 3
    },
    {
      "git-tree": "9d27b241631b1f540dd16824cd8a2df735233733",
      "version": "1.23.2",
      "port-version": 2
    },
    {
      "git-tree": "75a51df9f74a0b771b858caf42d3111a6386945c",
      "version-string": "1.23.2",
      "port-version": 1
    },
    {
      "git-tree": "b1ac2911c352ec0e8485c4cb49f544d0f05d749b",
      "version-string": "1.23.2",
      "port-version": 0
    },
    {
      "git-tree": "9ac9e39d19d468c4379bbc2dd007bd36c41e02c9",
      "version-string": "1.23.1",
      "port-version": 0
    },
    {
      "git-tree": "b437dfebb93d0be9351f37361b7b7d3473f09893",
      "version-string": "2017-06-23-5c7194c2fe2c68c1a8212712c0b4b6195382d27d",
      "port-version": 0
    }
  ]
}
