{
  "versions": [
    {
      "git-tree": "81d09907c2ceba5dedbd98506b73f7018412b9c1",
      "version-date": "2025-10-10",
      "port-version": 0
    },
    {
      "git-tree": "7b15851541a9e336ecba0614257f3a630e981121",
      "version-date": "2025-07-15",
      "port-version": 0
    },
    {
      "git-tree": "6c2ea25fbffce0f36d5932bb824494b92c1f522b",
      "version-date": "2025-05-30",
      "port-version": 0
    },
    {
      "git-tree": "fd43c79a0555d6af9a92d55eaeb3d6aaf2b0b4f9",
      "version-date": "2025-02-20",
      "port-version": 1
    },
    {
      "git-tree": "04df7510384611086c77478290dd717f511a9f94",
      "version-date": "2025-02-20",
      "port-version": 0
    },
    {
      "git-tree": "31adbee92ae8d9b17303da6c5cb3e276c34a2b51",
      "version-date": "2024-07-31",
      "port-version": 2
    },
    {
      "git-tree": "b338248d2d23bf37932394facc59075f4ad1d7a1",
      "version-date": "2024-07-31",
      "port-version": 1
    },
    {
      "git-tree": "496868ff6ea29c1574cdde3889ece938b185762c",
      "version-date": "2024-07-31",
      "port-version": 0
    },
    {
      "git-tree": "58cc9de22a56117b73df3e41f284efc7d0e78dc2",
      "version-date": "2024-05-28",
      "port-version": 0
    },
    {
      "git-tree": "d250ca11acd097e948e7085316d0755889429ffd",
      "version-date": "2024-03-29",
      "port-version": 0
    },
    {
      "git-tree": "24fb860c88062d3405c24b0a22101383f497f33b",
      "version-date": "2024-03-22",
      "port-version": 0
    },
    {
      "git-tree": "bf2f80689d803678032f2a8d2b8c8deff4952bb9",
      "version-date": "2024-03-07",
      "port-version": 1
    },
    {
      "git-tree": "353096a360b10503e2e749b99155ba4ed6751340",
      "version-date": "2024-03-07",
      "port-version": 0
    },
    {
      "git-tree": "24aa8f49b169cce15400a6b90aec8f20b609ea24",
      "version-date": "2023-08-14",
      "port-version": 0
    },
    {
      "git-tree": "bdf7371f02d10ea110ecef427916c0f3fd78cd4d",
      "version-date": "2023-03-01",
      "port-version": 2
    },
    {
      "git-tree": "d9531dd561af13a58e38e173002e599c7ad1182f",
      "version-date": "2023-03-01",
      "port-version": 1
    },
    {
      "git-tree": "77fecec712c29a857b7036d0ccc817488df868ea",
      "version-date": "2023-03-01",
      "port-version": 0
    },
    {
      "git-tree": "20d76f8fd2bb7b07fa76370b7198e0ce8f7b316b",
      "version-date": "2022-03-01",
      "port-version": 0
    },
    {
      "git-tree": "5d5118c4217f6ec298f348d694eb02b00558ef07",
      "version-date": "2022-12-16",
      "port-version": 0
    },
    {
      "git-tree": "3a28201604813ea41d43456d40bdbea61af0db69",
      "version-date": "2022-07-18",
      "port-version": 0
    },
    {
      "git-tree": "6f2dfd1c848d67e0f36d83b8a6e7078b96d82df1",
      "version-date": "2021-12-08",
      "port-version": 0
    }
  ]
}
