{
  "versions": [
    {
      "git-tree": "bc8e4a89a343d5cadc4838943f5668551543758b",
      "version": "0.7.0",
      "port-version": 1
    },
    {
      "git-tree": "9016b440875e13fa99e727ed07d87eb06c6ccee6",
      "version": "0.7.0",
      "port-version": 0
    },
    {
      "git-tree": "b1d9e561e042312a0001dfbcb150bec1f4a40e98",
      "version": "0.6.2",
      "port-version": 1
    },
    {
      "git-tree": "a8e355c1d995271f753fc560da82f65a3f5f8f02",
      "version": "0.6.2",
      "port-version": 0
    }
  ]
}
