{
  "versions": [
    {
      "git-tree": "bc2a9bc914be91c0ec64e0666a95551b71422e4d",
      "version": "1.21",
      "port-version": 0
    },
    {
      "git-tree": "26d9843aad03516522a267da5b086985a413eed5",
      "version": "1.20",
      "port-version": 0
    },
    {
      "git-tree": "67d6f73d3a78adeb42c9eee4c75d55c17ce1ea18",
      "version-string": "1.19",
      "port-version": 1
    },
    {
      "git-tree": "d6fe181396229123090f09dcb6a9d7cff25f8045",
      "version-string": "1.19",
      "port-version": 0
    }
  ]
}
