{
  "versions": [
    {
      "git-tree": "903e977ec675f37fce7a173a5ea8cb2e0bf0a310",
      "version-date": "2024-12-23",
      "port-version": 1
    },
    {
      "git-tree": "ecdf0937b94751b0c3392c02817c6b9238a3bfc7",
      "version-date": "2024-12-23",
      "port-version": 0
    },
    {
      "git-tree": "6b106be8a5f7208c6f4e3724746a7367cbc682e5",
      "version-date": "2019-04-28",
      "port-version": 6
    },
    {
      "git-tree": "36c7ba26c4af9fabce94dfb4a2ffe87b7b7467c0",
      "version-date": "2019-04-28",
      "port-version": 5
    },
    {
      "git-tree": "c23619497c06f6d2e22dae79e731c2a7da51208c",
      "version-string": "2019-4-28",
      "port-version": 4
    },
    {
      "git-tree": "58b8c9eb93832387ea6efc1ae1071395cd4a22d2",
      "version-string": "2019-4-28",
      "port-version": 3
    },
    {
      "git-tree": "d1a36d9e38313306f28b94d238e120deabfec9ea",
      "version-string": "2019-4-28-2",
      "port-version": 0
    },
    {
      "git-tree": "7b2ac283b271794651cb3ec15aed29c39f63871e",
      "version-string": "2019-4-28-1",
      "port-version": 0
    },
    {
      "git-tree": "2d4e7b730b791c10f6ee5768fe826e3883255720",
      "version-string": "2019-4-28",
      "port-version": 0
    }
  ]
}
