{
  "$comment": "Automatically generated by scripts/boost/generate-ports.ps1",
  "name": "boost-ublas",
  "version": "1.82.0",
  "port-version": 3,
  "description": "Boost ublas module",
  "homepage": "https://github.com/boostorg/ublas",
  "license": "BSL-1.0",
  "dependencies": [
    {
      "name": "boost-concept-check",
      "version>=": "1.82.0"
    },
    {
      "name": "boost-config",
      "version>=": "1.82.0"
    },
    {
      "name": "boost-core",
      "version>=": "1.82.0"
    },
    {
      "name": "boost-interval",
      "version>=": "1.82.0"
    },
    {
      "name": "boost-iterator",
      "version>=": "1.82.0"
    },
    {
      "name": "boost-mpl",
      "version>=": "1.82.0"
    },
    {
      "name": "boost-range",
      "version>=": "1.82.0"
    },
    {
      "name": "boost-serialization",
      "version>=": "1.82.0"
    },
    {
      "name": "boost-smart-ptr",
      "version>=": "1.82.0"
    },
    {
      "name": "boost-static-assert",
      "version>=": "1.82.0"
    },
    {
      "name": "boost-type-traits",
      "version>=": "1.82.0"
    },
    {
      "name": "boost-typeof",
      "version>=": "1.82.0"
    },
    {
      "name": "boost-vcpkg-helpers",
      "version>=": "1.82.0"
    }
  ]
}
